event_id,event_timestamp,event_source,event_type,order_id,customer_id,restaurant_id,location,cuisine,order_value,payment_method,distance_km,estimated_delivery_min,traffic_level,weather,delivery_status
EVT000389,2026-08-31T16:35:00,delivery_partner_app,ORDER_PICKED_UP,ORD100078,CUS5605,REST996,Faridabad,Chinese,2389.19,Wallet,6.71,34,Severe,Clear,PICKED_UP
EVT000070,2026-08-31T13:09:00,delivery_partner_app,ORDER_DELIVERED,ORD100014,CUS7431,REST913,Noida,South Indian,1315.78,Wallet,1.28,42,Medium,Rain,DELIVERED
EVT000135,2026-08-31T14:41:00,delivery_partner_app,ORDER_DELIVERED,ORD100027,CUS9519,REST548,Faridabad,Chinese,2171.89,UPI,7.08,46,High,Rain,DELIVERED
EVT000200,2026-08-31T14:49:00,delivery_partner_app,ORDER_DELIVERED,ORD100040,CUS9444,REST805,Delhi,North Indian,1335.53,Cash,1.29,29,Low,Cloudy,DELIVERED
EVT000360,2026-08-31T12:46:00,delivery_partner_app,ORDER_DELIVERED,ORD100072,CUS2229,REST141,Noida,Chinese,483.33,Cash,5.53,49,Medium,Cloudy,DELIVERED
EVT000371,2026-08-31T15:24:00,customer_app,ORDER_PLACED,ORD100075,CUS6420,REST670,Gurugram,South Indian,1459.96,Cash,12.97,20,Medium,Clear,PLACED
EVT000037,2026-08-31T12:38:00,restaurant_platform,RESTAURANT_ACCEPTED,ORD100008,CUS8948,REST928,Ghaziabad,Biryani,1664.37,Debit Card,4.95,21,Severe,Heavy Rain,CONFIRMED
EVT000380,2026-08-31T17:50:00,delivery_partner_app,ORDER_DELIVERED,ORD100076,CUS4457,REST797,Noida,South Indian,2316.63,Debit Card,10.04,52,Severe,Clear,DELIVERED
EVT000438,2026-08-31T16:50:00,delivery_partner_app,RIDER_ASSIGNED,ORD100088,CUS8224,REST280,Gurugram,South Indian,2374.2,Credit Card,8.27,35,High,Clear,RIDER_ASSIGNED
EVT000474,2026-08-31T13:53:00,delivery_partner_app,ORDER_PICKED_UP,ORD100095,CUS2935,REST833,Noida,Fast Food,429.97,Debit Card,9.43,48,Severe,Clear,PICKED_UP
EVT000002,2026-08-31T12:22:00,restaurant_platform,RESTAURANT_ACCEPTED,ORD100001,CUS5314,REST134,Ghaziabad,Biryani,1180.9,Wallet,7.36,32,Low,Heavy Rain,CONFIRMED
EVT000300,2026-08-31T17:20:00,delivery_partner_app,ORDER_DELIVERED,ORD100060,CUS4958,REST478,Ghaziabad,South Indian,536.31,Wallet,10.97,40,Severe,Heavy Rain,DELIVERED
EVT000046,2026-08-31T14:36:00,customer_app,ORDER_PLACED,ORD100010,CUS2773,REST221,Ghaziabad,Pizza,1344.63,Wallet,13.69,27,High,Cloudy,PLACED
EVT000120,2026-08-31T15:35:00,delivery_partner_app,ORDER_DELIVERED,ORD100024,CUS8615,REST629,Faridabad,Fast Food,1782.32,Wallet,9.82,22,Low,Cloudy,DELIVERED
EVT000223,2026-08-31T15:13:00,delivery_partner_app,RIDER_ASSIGNED,ORD100045,CUS3937,REST964,Ghaziabad,Biryani,2442.8,Cash,6.84,29,High,Rain,RIDER_ASSIGNED
EVT000105,2026-08-31T17:06:00,delivery_partner_app,ORDER_DELIVERED,ORD100021,CUS2245,REST519,Ghaziabad,Pizza,453.28,Wallet,13.35,46,Low,Rain,DELIVERED
EVT000007,2026-08-31T13:40:00,restaurant_platform,RESTAURANT_ACCEPTED,ORD100002,CUS9117,REST255,Gurugram,Pizza,1248.23,Cash,12.0,30,Medium,Heavy Rain,CONFIRMED
EVT000074,2026-08-31T13:59:00,delivery_partner_app,ORDER_PICKED_UP,ORD100015,CUS1832,REST543,Faridabad,Biryani,2159.11,Wallet,8.7,35,Severe,Clear,PICKED_UP
EVT000342,2026-08-31T12:43:00,restaurant_platform,RESTAURANT_ACCEPTED,ORD100069,CUS3403,REST468,Noida,Fast Food,2019.28,Debit Card,6.75,51,Medium,Cloudy,CONFIRMED
EVT000077,2026-08-31T16:00:00,restaurant_platform,RESTAURANT_ACCEPTED,ORD100016,CUS6318,REST460,Gurugram,Biryani,362.92,Debit Card,2.6,29,Low,Rain,CONFIRMED
EVT000113,2026-08-31T12:27:00,delivery_partner_app,RIDER_ASSIGNED,ORD100023,CUS5935,REST356,Faridabad,Pizza,1553.92,UPI,5.51,23,Severe,Heavy Rain,RIDER_ASSIGNED
EVT000179,2026-08-31T16:07:00,delivery_partner_app,ORDER_PICKED_UP,ORD100036,CUS2429,REST652,Ghaziabad,Chinese,1050.31,Debit Card,3.34,45,Low,Cloudy,PICKED_UP
EVT000198,2026-08-31T14:15:00,delivery_partner_app,RIDER_ASSIGNED,ORD100040,CUS9444,REST805,Delhi,North Indian,1335.53,Cash,1.29,29,Low,Cloudy,RIDER_ASSIGNED
EVT000054,2026-08-31T16:26:00,delivery_partner_app,ORDER_PICKED_UP,ORD100011,CUS1969,REST930,Ghaziabad,Biryani,156.35,Cash,14.32,54,Severe,Heavy Rain,PICKED_UP
EVT000473,2026-08-31T13:39:00,delivery_partner_app,RIDER_ASSIGNED,ORD100095,CUS2935,REST833,Noida,Fast Food,429.97,Debit Card,9.43,48,Severe,Clear,RIDER_ASSIGNED
EVT000378,2026-08-31T17:04:00,delivery_partner_app,RIDER_ASSIGNED,ORD100076,CUS4457,REST797,Noida,South Indian,2316.63,Debit Card,10.04,52,Severe,Clear,RIDER_ASSIGNED
EVT000304,2026-08-31T15:36:00,delivery_partner_app,ORDER_PICKED_UP,ORD100061,CUS4514,REST632,Delhi,Chinese,1905.92,Credit Card,2.45,23,Medium,Cloudy,PICKED_UP
EVT000152,2026-08-31T12:57:00,restaurant_platform,RESTAURANT_ACCEPTED,ORD100031,CUS6575,REST145,Noida,Chinese,244.39,Credit Card,12.53,57,Medium,Heavy Rain,CONFIRMED
EVT000381,2026-08-31T13:35:00,customer_app,ORDER_PLACED,ORD100077,CUS5567,REST999,Gurugram,Pizza,1789.94,UPI,13.77,30,Low,Rain,PLACED
EVT000413,2026-08-31T15:41:00,delivery_partner_app,RIDER_ASSIGNED,ORD100083,CUS5970,REST737,Gurugram,Fast Food,966.34,Credit Card,11.4,36,Severe,Cloudy,RIDER_ASSIGNED
EVT000086,2026-08-31T14:50:00,customer_app,ORDER_PLACED,ORD100018,CUS3318,REST864,Gurugram,Chinese,507.43,Debit Card,5.88,43,Low,Cloudy,PLACED
EVT000172,2026-08-31T12:34:00,restaurant_platform,RESTAURANT_ACCEPTED,ORD100035,CUS6521,REST983,Ghaziabad,Fast Food,2193.42,Cash,12.45,51,High,Clear,CONFIRMED
EVT000481,2026-08-31T14:36:00,customer_app,ORDER_PLACED,ORD100097,CUS5557,REST642,Faridabad,Pizza,362.11,Wallet,3.14,30,High,Rain,PLACED
EVT000026,2026-08-31T16:07:00,customer_app,ORDER_PLACED,ORD100006,CUS4275,REST242,Gurugram,Chinese,474.35,Credit Card,13.51,59,Severe,Clear,PLACED
EVT000323,2026-08-31T13:38:00,delivery_partner_app,RIDER_ASSIGNED,ORD100065,CUS3687,REST908,Faridabad,South Indian,502.11,Credit Card,12.25,36,High,Heavy Rain,RIDER_ASSIGNED
EVT000199,2026-08-31T14:29:00,delivery_partner_app,ORDER_PICKED_UP,ORD100040,CUS9444,REST805,Delhi,North Indian,1335.53,Cash,1.29,29,Low,Cloudy,PICKED_UP
EVT000194,2026-08-31T16:31:00,delivery_partner_app,ORDER_PICKED_UP,ORD100039,CUS7572,REST653,Ghaziabad,Pizza,907.7,UPI,13.11,36,Severe,Cloudy,PICKED_UP
EVT000282,2026-08-31T12:25:00,restaurant_platform,RESTAURANT_ACCEPTED,ORD100057,CUS7819,REST511,Gurugram,Biryani,1813.07,Wallet,11.29,32,High,Cloudy,CONFIRMED
EVT000227,2026-08-31T15:33:00,restaurant_platform,RESTAURANT_ACCEPTED,ORD100046,CUS1746,REST949,Gurugram,Fast Food,2084.73,Wallet,11.79,46,Medium,Clear,CONFIRMED
EVT000338,2026-08-31T13:22:00,delivery_partner_app,RIDER_ASSIGNED,ORD100068,CUS2891,REST172,Noida,North Indian,1828.68,UPI,13.17,56,Medium,Heavy Rain,RIDER_ASSIGNED
EVT000460,2026-08-31T16:30:00,delivery_partner_app,ORDER_DELIVERED,ORD100092,CUS6322,REST552,Noida,Biryani,1964.92,Credit Card,12.05,35,Medium,Heavy Rain,DELIVERED
EVT000096,2026-08-31T13:27:00,customer_app,ORDER_PLACED,ORD100020,CUS5184,REST183,Delhi,North Indian,2426.97,Cash,3.25,56,Severe,Clear,PLACED
EVT000153,2026-08-31T13:03:00,delivery_partner_app,RIDER_ASSIGNED,ORD100031,CUS6575,REST145,Noida,Chinese,244.39,Credit Card,12.53,57,Medium,Heavy Rain,RIDER_ASSIGNED
EVT000187,2026-08-31T15:32:00,restaurant_platform,RESTAURANT_ACCEPTED,ORD100038,CUS3937,REST667,Faridabad,Pizza,1235.5,Cash,14.08,23,Low,Heavy Rain,CONFIRMED
EVT000119,2026-08-31T15:18:00,delivery_partner_app,ORDER_PICKED_UP,ORD100024,CUS8615,REST629,Faridabad,Fast Food,1782.32,Wallet,9.82,22,Low,Cloudy,PICKED_UP
EVT000193,2026-08-31T16:21:00,delivery_partner_app,RIDER_ASSIGNED,ORD100039,CUS7572,REST653,Ghaziabad,Pizza,907.7,UPI,13.11,36,Severe,Cloudy,RIDER_ASSIGNED
EVT000069,2026-08-31T13:02:00,delivery_partner_app,ORDER_PICKED_UP,ORD100014,CUS7431,REST913,Noida,South Indian,1315.78,Wallet,1.28,42,Medium,Rain,PICKED_UP
EVT000274,2026-08-31T13:05:00,delivery_partner_app,ORDER_PICKED_UP,ORD100055,CUS6281,REST583,Faridabad,Fast Food,1878.85,Credit Card,4.83,32,Medium,Clear,PICKED_UP
EVT000092,2026-08-31T13:58:00,restaurant_platform,RESTAURANT_ACCEPTED,ORD100019,CUS9335,REST743,Faridabad,Fast Food,2002.95,Debit Card,8.62,29,Severe,Clear,CONFIRMED
EVT000143,2026-08-31T14:17:00,delivery_partner_app,RIDER_ASSIGNED,ORD100029,CUS8220,REST800,Ghaziabad,North Indian,754.49,Debit Card,10.31,40,Severe,Heavy Rain,RIDER_ASSIGNED
EVT000144,2026-08-31T14:36:00,delivery_partner_app,ORDER_PICKED_UP,ORD100029,CUS8220,REST800,Ghaziabad,North Indian,754.49,Debit Card,10.31,40,Severe,Heavy Rain,PICKED_UP
EVT000076,2026-08-31T15:57:00,customer_app,ORDER_PLACED,ORD100016,CUS6318,REST460,Gurugram,Biryani,362.92,Debit Card,2.6,29,Low,Rain,PLACED
EVT000162,2026-08-31T15:44:00,restaurant_platform,RESTAURANT_ACCEPTED,ORD100033,CUS6346,REST437,Ghaziabad,North Indian,2201.57,Debit Card,13.18,38,Low,Clear,CONFIRMED
EVT000328,2026-08-31T15:02:00,delivery_partner_app,RIDER_ASSIGNED,ORD100066,CUS1215,REST662,Ghaziabad,North Indian,2049.46,UPI,6.22,30,Severe,Cloudy,RIDER_ASSIGNED
EVT000236,2026-08-31T12:54:00,customer_app,ORDER_PLACED,ORD100048,CUS1400,REST429,Gurugram,Fast Food,1957.13,Wallet,5.93,50,Low,Rain,PLACED
EVT000224,2026-08-31T15:26:00,delivery_partner_app,ORDER_PICKED_UP,ORD100045,CUS3937,REST964,Ghaziabad,Biryani,2442.8,Cash,6.84,29,High,Rain,PICKED_UP
EVT000307,2026-08-31T16:34:00,restaurant_platform,RESTAURANT_ACCEPTED,ORD100062,CUS2744,REST302,Noida,Fast Food,647.69,Debit Card,4.63,20,Severe,Clear,CONFIRMED
EVT000071,2026-08-31T13:44:00,customer_app,ORDER_PLACED,ORD100015,CUS1832,REST543,Faridabad,Biryani,2159.11,Wallet,8.7,35,Severe,Clear,PLACED
EVT000245,2026-08-31T15:54:00,delivery_partner_app,ORDER_DELIVERED,ORD100049,CUS6282,REST332,Ghaziabad,Biryani,2396.72,Cash,14.15,38,Low,Heavy Rain,DELIVERED
EVT000272,2026-08-31T12:51:00,restaurant_platform,RESTAURANT_ACCEPTED,ORD100055,CUS6281,REST583,Faridabad,Fast Food,1878.85,Credit Card,4.83,32,Medium,Clear,CONFIRMED
EVT000081,2026-08-31T13:18:00,customer_app,ORDER_PLACED,ORD100017,CUS8096,REST294,Gurugram,North Indian,2251.44,Wallet,11.21,58,Low,Clear,PLACED
EVT000431,2026-08-31T14:49:00,customer_app,ORDER_PLACED,ORD100087,CUS1627,REST849,Delhi,Chinese,662.21,Debit Card,4.72,25,Low,Heavy Rain,PLACED
EVT000256,2026-08-31T15:03:00,customer_app,ORDER_PLACED,ORD100052,CUS4891,REST301,Noida,Biryani,1333.09,Wallet,2.57,29,Low,Heavy Rain,PLACED
EVT000334,2026-08-31T17:08:00,delivery_partner_app,ORDER_PICKED_UP,ORD100067,CUS9850,REST707,Delhi,Fast Food,1277.59,Debit Card,12.69,26,Low,Rain,PICKED_UP
EVT000348,2026-08-31T14:10:00,delivery_partner_app,RIDER_ASSIGNED,ORD100070,CUS6611,REST125,Gurugram,Chinese,1303.87,Credit Card,10.19,44,Severe,Heavy Rain,RIDER_ASSIGNED
EVT000440,2026-08-31T17:29:00,delivery_partner_app,ORDER_DELIVERED,ORD100088,CUS8224,REST280,Gurugram,South Indian,2374.2,Credit Card,8.27,35,High,Clear,DELIVERED
EVT000457,2026-08-31T15:48:00,restaurant_platform,RESTAURANT_ACCEPTED,ORD100092,CUS6322,REST552,Noida,Biryani,1964.92,Credit Card,12.05,35,Medium,Heavy Rain,CONFIRMED
EVT000462,2026-08-31T15:13:00,restaurant_platform,RESTAURANT_ACCEPTED,ORD100093,CUS9296,REST819,Faridabad,Fast Food,1173.39,Credit Card,1.2,38,Low,Heavy Rain,CONFIRMED
EVT000292,2026-08-31T12:28:00,restaurant_platform,RESTAURANT_ACCEPTED,ORD100059,CUS8389,REST490,Gurugram,Pizza,1363.07,UPI,5.62,30,Low,Heavy Rain,CONFIRMED
EVT000470,2026-08-31T15:34:00,delivery_partner_app,ORDER_DELIVERED,ORD100094,CUS6271,REST170,Ghaziabad,North Indian,1636.9,Wallet,6.37,29,Severe,Heavy Rain,DELIVERED
EVT000234,2026-08-31T12:49:00,delivery_partner_app,ORDER_PICKED_UP,ORD100047,CUS9242,REST269,Gurugram,Chinese,665.76,Wallet,11.87,59,Severe,Clear,PICKED_UP
EVT000416,2026-08-31T14:35:00,customer_app,ORDER_PLACED,ORD100084,CUS6363,REST256,Gurugram,Pizza,1426.37,Debit Card,7.09,52,Low,Cloudy,PLACED
EVT000262,2026-08-31T12:51:00,restaurant_platform,RESTAURANT_ACCEPTED,ORD100053,CUS6708,REST812,Delhi,Pizza,586.25,Wallet,14.09,54,Severe,Cloudy,CONFIRMED
EVT000443,2026-08-31T14:05:00,delivery_partner_app,RIDER_ASSIGNED,ORD100089,CUS4068,REST760,Gurugram,North Indian,625.82,Debit Card,3.66,33,Severe,Cloudy,RIDER_ASSIGNED
EVT000100,2026-08-31T14:09:00,delivery_partner_app,ORDER_DELIVERED,ORD100020,CUS5184,REST183,Delhi,North Indian,2426.97,Cash,3.25,56,Severe,Clear,DELIVERED
EVT000073,2026-08-31T13:52:00,delivery_partner_app,RIDER_ASSIGNED,ORD100015,CUS1832,REST543,Faridabad,Biryani,2159.11,Wallet,8.7,35,Severe,Clear,RIDER_ASSIGNED
EVT000337,2026-08-31T13:14:00,restaurant_platform,RESTAURANT_ACCEPTED,ORD100068,CUS2891,REST172,Noida,North Indian,1828.68,UPI,13.17,56,Medium,Heavy Rain,CONFIRMED
EVT000362,2026-08-31T12:36:00,restaurant_platform,RESTAURANT_ACCEPTED,ORD100073,CUS6709,REST623,Gurugram,North Indian,859.39,Debit Card,2.0,39,High,Clear,CONFIRMED
EVT000189,2026-08-31T15:44:00,delivery_partner_app,ORDER_PICKED_UP,ORD100038,CUS3937,REST667,Faridabad,Pizza,1235.5,Cash,14.08,23,Low,Heavy Rain,PICKED_UP
EVT000082,2026-08-31T13:22:00,restaurant_platform,RESTAURANT_ACCEPTED,ORD100017,CUS8096,REST294,Gurugram,North Indian,2251.44,Wallet,11.21,58,Low,Clear,CONFIRMED
EVT000486,2026-08-31T13:40:00,customer_app,ORDER_PLACED,ORD100098,CUS1820,REST700,Ghaziabad,Fast Food,2358.67,Debit Card,9.77,55,High,Rain,PLACED
EVT000036,2026-08-31T12:33:00,customer_app,ORDER_PLACED,ORD100008,CUS8948,REST928,Ghaziabad,Biryani,1664.37,Debit Card,4.95,21,Severe,Heavy Rain,PLACED
EVT000385,2026-08-31T14:15:00,delivery_partner_app,ORDER_DELIVERED,ORD100077,CUS5567,REST999,Gurugram,Pizza,1789.94,UPI,13.77,30,Low,Rain,DELIVERED
EVT000345,2026-08-31T13:07:00,delivery_partner_app,ORDER_DELIVERED,ORD100069,CUS3403,REST468,Noida,Fast Food,2019.28,Debit Card,6.75,51,Medium,Cloudy,DELIVERED
EVT000434,2026-08-31T15:07:00,delivery_partner_app,ORDER_PICKED_UP,ORD100087,CUS1627,REST849,Delhi,Chinese,662.21,Debit Card,4.72,25,Low,Heavy Rain,PICKED_UP
EVT000321,2026-08-31T13:31:00,customer_app,ORDER_PLACED,ORD100065,CUS3687,REST908,Faridabad,South Indian,502.11,Credit Card,12.25,36,High,Heavy Rain,PLACED
EVT000264,2026-08-31T13:08:00,delivery_partner_app,ORDER_PICKED_UP,ORD100053,CUS6708,REST812,Delhi,Pizza,586.25,Wallet,14.09,54,Severe,Cloudy,PICKED_UP
EVT000163,2026-08-31T15:51:00,delivery_partner_app,RIDER_ASSIGNED,ORD100033,CUS6346,REST437,Ghaziabad,North Indian,2201.57,Debit Card,13.18,38,Low,Clear,RIDER_ASSIGNED
EVT000137,2026-08-31T16:17:00,restaurant_platform,RESTAURANT_ACCEPTED,ORD100028,CUS7449,REST486,Faridabad,North Indian,233.1,Wallet,1.72,52,Medium,Clear,CONFIRMED
EVT000417,2026-08-31T14:37:00,restaurant_platform,RESTAURANT_ACCEPTED,ORD100084,CUS6363,REST256,Gurugram,Pizza,1426.37,Debit Card,7.09,52,Low,Cloudy,CONFIRMED
EVT000149,2026-08-31T17:01:00,delivery_partner_app,ORDER_PICKED_UP,ORD100030,CUS2898,REST171,Delhi,Biryani,1688.82,UPI,13.12,24,Low,Rain,PICKED_UP
EVT000102,2026-08-31T16:39:00,restaurant_platform,RESTAURANT_ACCEPTED,ORD100021,CUS2245,REST519,Ghaziabad,Pizza,453.28,Wallet,13.35,46,Low,Rain,CONFIRMED
EVT000101,2026-08-31T16:34:00,customer_app,ORDER_PLACED,ORD100021,CUS2245,REST519,Ghaziabad,Pizza,453.28,Wallet,13.35,46,Low,Rain,PLACED
EVT000291,2026-08-31T12:23:00,customer_app,ORDER_PLACED,ORD100059,CUS8389,REST490,Gurugram,Pizza,1363.07,UPI,5.62,30,Low,Heavy Rain,PLACED
EVT000122,2026-08-31T16:07:00,restaurant_platform,RESTAURANT_ACCEPTED,ORD100025,CUS9638,REST609,Noida,Pizza,1506.15,Credit Card,3.08,26,High,Clear,CONFIRMED
EVT000407,2026-08-31T12:20:00,restaurant_platform,RESTAURANT_ACCEPTED,ORD100082,CUS5332,REST844,Ghaziabad,Fast Food,1105.57,Credit Card,3.29,26,High,Clear,CONFIRMED
EVT000395,2026-08-31T14:22:00,delivery_partner_app,ORDER_DELIVERED,ORD100079,CUS8755,REST471,Noida,Pizza,1340.57,Credit Card,12.77,39,High,Heavy Rain,DELIVERED
EVT000466,2026-08-31T15:00:00,customer_app,ORDER_PLACED,ORD100094,CUS6271,REST170,Ghaziabad,North Indian,1636.9,Wallet,6.37,29,Severe,Heavy Rain,PLACED
EVT000446,2026-08-31T15:36:00,customer_app,ORDER_PLACED,ORD100090,CUS4084,REST336,Ghaziabad,Fast Food,1424.17,UPI,4.35,23,Low,Clear,PLACED
EVT000495,2026-08-31T17:12:00,delivery_partner_app,ORDER_DELIVERED,ORD100099,CUS9684,REST349,Gurugram,Pizza,1619.54,Credit Card,4.94,55,Low,Heavy Rain,DELIVERED
EVT000015,2026-08-31T15:44:00,delivery_partner_app,ORDER_DELIVERED,ORD100003,CUS3256,REST837,Delhi,Chinese,928.6,Cash,14.16,56,Low,Rain,DELIVERED
EVT000295,2026-08-31T13:16:00,delivery_partner_app,ORDER_DELIVERED,ORD100059,CUS8389,REST490,Gurugram,Pizza,1363.07,UPI,5.62,30,Low,Heavy Rain,DELIVERED
EVT000484,2026-08-31T14:53:00,delivery_partner_app,ORDER_PICKED_UP,ORD100097,CUS5557,REST642,Faridabad,Pizza,362.11,Wallet,3.14,30,High,Rain,PICKED_UP
EVT000298,2026-08-31T17:01:00,delivery_partner_app,RIDER_ASSIGNED,ORD100060,CUS4958,REST478,Ghaziabad,South Indian,536.31,Wallet,10.97,40,Severe,Heavy Rain,RIDER_ASSIGNED
EVT000429,2026-08-31T16:32:00,delivery_partner_app,ORDER_PICKED_UP,ORD100086,CUS1746,REST623,Gurugram,North Indian,638.22,Debit Card,5.19,26,Low,Clear,PICKED_UP
EVT000394,2026-08-31T14:00:00,delivery_partner_app,ORDER_PICKED_UP,ORD100079,CUS8755,REST471,Noida,Pizza,1340.57,Credit Card,12.77,39,High,Heavy Rain,PICKED_UP
EVT000218,2026-08-31T16:43:00,delivery_partner_app,RIDER_ASSIGNED,ORD100044,CUS9776,REST575,Ghaziabad,Pizza,1837.16,Credit Card,3.1,44,Severe,Cloudy,RIDER_ASSIGNED
EVT000280,2026-08-31T16:16:00,delivery_partner_app,ORDER_DELIVERED,ORD100056,CUS9188,REST826,Noida,Fast Food,1589.06,Wallet,4.52,49,Severe,Heavy Rain,DELIVERED
EVT000176,2026-08-31T15:50:00,customer_app,ORDER_PLACED,ORD100036,CUS2429,REST652,Ghaziabad,Chinese,1050.31,Debit Card,3.34,45,Low,Cloudy,PLACED
EVT000208,2026-08-31T12:58:00,delivery_partner_app,RIDER_ASSIGNED,ORD100042,CUS5880,REST572,Ghaziabad,Fast Food,2403.82,Wallet,3.62,22,Medium,Rain,RIDER_ASSIGNED
EVT000306,2026-08-31T16:30:00,customer_app,ORDER_PLACED,ORD100062,CUS2744,REST302,Noida,Fast Food,647.69,Debit Card,4.63,20,Severe,Clear,PLACED
EVT000277,2026-08-31T15:40:00,restaurant_platform,RESTAURANT_ACCEPTED,ORD100056,CUS9188,REST826,Noida,Fast Food,1589.06,Wallet,4.52,49,Severe,Heavy Rain,CONFIRMED
EVT000246,2026-08-31T12:26:00,customer_app,ORDER_PLACED,ORD100050,CUS7644,REST373,Faridabad,Biryani,899.22,Credit Card,9.63,49,Severe,Rain,PLACED
EVT000329,2026-08-31T15:17:00,delivery_partner_app,ORDER_PICKED_UP,ORD100066,CUS1215,REST662,Ghaziabad,North Indian,2049.46,UPI,6.22,30,Severe,Cloudy,PICKED_UP
EVT000250,2026-08-31T13:04:00,delivery_partner_app,ORDER_DELIVERED,ORD100050,CUS7644,REST373,Faridabad,Biryani,899.22,Credit Card,9.63,49,Severe,Rain,DELIVERED
EVT000008,2026-08-31T13:47:00,delivery_partner_app,RIDER_ASSIGNED,ORD100002,CUS9117,REST255,Gurugram,Pizza,1248.23,Cash,12.0,30,Medium,Heavy Rain,RIDER_ASSIGNED
EVT000387,2026-08-31T16:20:00,restaurant_platform,RESTAURANT_ACCEPTED,ORD100078,CUS5605,REST996,Faridabad,Chinese,2389.19,Wallet,6.71,34,Severe,Clear,CONFIRMED
EVT000281,2026-08-31T12:20:00,customer_app,ORDER_PLACED,ORD100057,CUS7819,REST511,Gurugram,Biryani,1813.07,Wallet,11.29,32,High,Cloudy,PLACED
EVT000131,2026-08-31T14:16:00,customer_app,ORDER_PLACED,ORD100027,CUS9519,REST548,Faridabad,Chinese,2171.89,UPI,7.08,46,High,Rain,PLACED
EVT000365,2026-08-31T13:18:00,delivery_partner_app,ORDER_DELIVERED,ORD100073,CUS6709,REST623,Gurugram,North Indian,859.39,Debit Card,2.0,39,High,Clear,DELIVERED
EVT000441,2026-08-31T13:59:00,customer_app,ORDER_PLACED,ORD100089,CUS4068,REST760,Gurugram,North Indian,625.82,Debit Card,3.66,33,Severe,Cloudy,PLACED
EVT000279,2026-08-31T16:00:00,delivery_partner_app,ORDER_PICKED_UP,ORD100056,CUS9188,REST826,Noida,Fast Food,1589.06,Wallet,4.52,49,Severe,Heavy Rain,PICKED_UP
EVT000404,2026-08-31T15:35:00,delivery_partner_app,ORDER_PICKED_UP,ORD100081,CUS9536,REST809,Ghaziabad,North Indian,2071.32,UPI,14.37,53,Medium,Heavy Rain,PICKED_UP
EVT000112,2026-08-31T12:23:00,restaurant_platform,RESTAURANT_ACCEPTED,ORD100023,CUS5935,REST356,Faridabad,Pizza,1553.92,UPI,5.51,23,Severe,Heavy Rain,CONFIRMED
EVT000422,2026-08-31T15:38:00,restaurant_platform,RESTAURANT_ACCEPTED,ORD100085,CUS8426,REST241,Delhi,Fast Food,1343.99,Cash,7.14,60,Medium,Rain,CONFIRMED
EVT000058,2026-08-31T13:53:00,delivery_partner_app,RIDER_ASSIGNED,ORD100012,CUS8988,REST992,Delhi,Pizza,419.53,Cash,10.37,23,High,Heavy Rain,RIDER_ASSIGNED
EVT000197,2026-08-31T14:11:00,restaurant_platform,RESTAURANT_ACCEPTED,ORD100040,CUS9444,REST805,Delhi,North Indian,1335.53,Cash,1.29,29,Low,Cloudy,CONFIRMED
EVT000435,2026-08-31T15:25:00,delivery_partner_app,ORDER_DELIVERED,ORD100087,CUS1627,REST849,Delhi,Chinese,662.21,Debit Card,4.72,25,Low,Heavy Rain,DELIVERED
EVT000326,2026-08-31T14:53:00,customer_app,ORDER_PLACED,ORD100066,CUS1215,REST662,Ghaziabad,North Indian,2049.46,UPI,6.22,30,Severe,Cloudy,PLACED
EVT000133,2026-08-31T14:24:00,delivery_partner_app,RIDER_ASSIGNED,ORD100027,CUS9519,REST548,Faridabad,Chinese,2171.89,UPI,7.08,46,High,Rain,RIDER_ASSIGNED
EVT000160,2026-08-31T12:41:00,delivery_partner_app,ORDER_DELIVERED,ORD100032,CUS2120,REST505,Faridabad,Chinese,1484.57,Credit Card,14.54,31,Severe,Cloudy,DELIVERED
EVT000455,2026-08-31T15:59:00,delivery_partner_app,ORDER_DELIVERED,ORD100091,CUS7588,REST341,Noida,South Indian,1835.28,Credit Card,9.03,27,Low,Heavy Rain,DELIVERED
EVT000041,2026-08-31T14:32:00,customer_app,ORDER_PLACED,ORD100009,CUS8062,REST821,Gurugram,Chinese,708.13,UPI,12.37,56,High,Rain,PLACED
EVT000075,2026-08-31T14:20:00,delivery_partner_app,ORDER_DELIVERED,ORD100015,CUS1832,REST543,Faridabad,Biryani,2159.11,Wallet,8.7,35,Severe,Clear,DELIVERED
EVT000175,2026-08-31T12:56:00,delivery_partner_app,ORDER_DELIVERED,ORD100035,CUS6521,REST983,Ghaziabad,Fast Food,2193.42,Cash,12.45,51,High,Clear,DELIVERED
EVT000040,2026-08-31T12:59:00,delivery_partner_app,ORDER_DELIVERED,ORD100008,CUS8948,REST928,Ghaziabad,Biryani,1664.37,Debit Card,4.95,21,Severe,Heavy Rain,DELIVERED
EVT000465,2026-08-31T15:57:00,delivery_partner_app,ORDER_DELIVERED,ORD100093,CUS9296,REST819,Faridabad,Fast Food,1173.39,Credit Card,1.2,38,Low,Heavy Rain,DELIVERED
EVT000436,2026-08-31T16:40:00,customer_app,ORDER_PLACED,ORD100088,CUS8224,REST280,Gurugram,South Indian,2374.2,Credit Card,8.27,35,High,Clear,PLACED
EVT000134,2026-08-31T14:39:00,delivery_partner_app,ORDER_PICKED_UP,ORD100027,CUS9519,REST548,Faridabad,Chinese,2171.89,UPI,7.08,46,High,Rain,PICKED_UP
EVT000406,2026-08-31T12:15:00,customer_app,ORDER_PLACED,ORD100082,CUS5332,REST844,Ghaziabad,Fast Food,1105.57,Credit Card,3.29,26,High,Clear,PLACED
EVT000332,2026-08-31T16:49:00,restaurant_platform,RESTAURANT_ACCEPTED,ORD100067,CUS9850,REST707,Delhi,Fast Food,1277.59,Debit Card,12.69,26,Low,Rain,CONFIRMED
EVT000451,2026-08-31T15:22:00,customer_app,ORDER_PLACED,ORD100091,CUS7588,REST341,Noida,South Indian,1835.28,Credit Card,9.03,27,Low,Heavy Rain,PLACED
EVT000185,2026-08-31T13:38:00,delivery_partner_app,ORDER_DELIVERED,ORD100037,CUS3928,REST429,Ghaziabad,North Indian,1421.29,Wallet,13.42,21,Severe,Cloudy,DELIVERED
EVT000266,2026-08-31T14:51:00,customer_app,ORDER_PLACED,ORD100054,CUS1506,REST198,Gurugram,Pizza,716.08,Cash,2.06,45,Severe,Rain,PLACED
EVT000125,2026-08-31T16:42:00,delivery_partner_app,ORDER_DELIVERED,ORD100025,CUS9638,REST609,Noida,Pizza,1506.15,Credit Card,3.08,26,High,Clear,DELIVERED
EVT000078,2026-08-31T16:02:00,delivery_partner_app,RIDER_ASSIGNED,ORD100016,CUS6318,REST460,Gurugram,Biryani,362.92,Debit Card,2.6,29,Low,Rain,RIDER_ASSIGNED
EVT000239,2026-08-31T13:18:00,delivery_partner_app,ORDER_PICKED_UP,ORD100048,CUS1400,REST429,Gurugram,Fast Food,1957.13,Wallet,5.93,50,Low,Rain,PICKED_UP
EVT000464,2026-08-31T15:25:00,delivery_partner_app,ORDER_PICKED_UP,ORD100093,CUS9296,REST819,Faridabad,Fast Food,1173.39,Credit Card,1.2,38,Low,Heavy Rain,PICKED_UP
EVT000344,2026-08-31T13:04:00,delivery_partner_app,ORDER_PICKED_UP,ORD100069,CUS3403,REST468,Noida,Fast Food,2019.28,Debit Card,6.75,51,Medium,Cloudy,PICKED_UP
EVT000207,2026-08-31T12:56:00,restaurant_platform,RESTAURANT_ACCEPTED,ORD100042,CUS5880,REST572,Ghaziabad,Fast Food,2403.82,Wallet,3.62,22,Medium,Rain,CONFIRMED
EVT000287,2026-08-31T14:02:00,restaurant_platform,RESTAURANT_ACCEPTED,ORD100058,CUS9256,REST912,Ghaziabad,Biryani,1328.51,UPI,14.45,36,High,Cloudy,CONFIRMED
EVT000248,2026-08-31T12:31:00,delivery_partner_app,RIDER_ASSIGNED,ORD100050,CUS7644,REST373,Faridabad,Biryani,899.22,Credit Card,9.63,49,Severe,Rain,RIDER_ASSIGNED
EVT000410,2026-08-31T12:51:00,delivery_partner_app,ORDER_DELIVERED,ORD100082,CUS5332,REST844,Ghaziabad,Fast Food,1105.57,Credit Card,3.29,26,High,Clear,DELIVERED
EVT000148,2026-08-31T16:44:00,delivery_partner_app,RIDER_ASSIGNED,ORD100030,CUS2898,REST171,Delhi,Biryani,1688.82,UPI,13.12,24,Low,Rain,RIDER_ASSIGNED
EVT000301,2026-08-31T15:11:00,customer_app,ORDER_PLACED,ORD100061,CUS4514,REST632,Delhi,Chinese,1905.92,Credit Card,2.45,23,Medium,Cloudy,PLACED
EVT000012,2026-08-31T14:55:00,restaurant_platform,RESTAURANT_ACCEPTED,ORD100003,CUS3256,REST837,Delhi,Chinese,928.6,Cash,14.16,56,Low,Rain,CONFIRMED
EVT000316,2026-08-31T12:43:00,customer_app,ORDER_PLACED,ORD100064,CUS9219,REST728,Ghaziabad,North Indian,1442.98,Credit Card,13.29,34,Severe,Heavy Rain,PLACED
EVT000182,2026-08-31T13:11:00,restaurant_platform,RESTAURANT_ACCEPTED,ORD100037,CUS3928,REST429,Ghaziabad,North Indian,1421.29,Wallet,13.42,21,Severe,Cloudy,CONFIRMED
EVT000396,2026-08-31T14:08:00,customer_app,ORDER_PLACED,ORD100080,CUS5633,REST783,Gurugram,Biryani,1495.25,UPI,2.36,56,Severe,Cloudy,PLACED
EVT000247,2026-08-31T12:29:00,restaurant_platform,RESTAURANT_ACCEPTED,ORD100050,CUS7644,REST373,Faridabad,Biryani,899.22,Credit Card,9.63,49,Severe,Rain,CONFIRMED
EVT000411,2026-08-31T15:33:00,customer_app,ORDER_PLACED,ORD100083,CUS5970,REST737,Gurugram,Fast Food,966.34,Credit Card,11.4,36,Severe,Cloudy,PLACED
EVT000109,2026-08-31T12:42:00,delivery_partner_app,ORDER_PICKED_UP,ORD100022,CUS6208,REST749,Noida,Chinese,1142.43,Wallet,11.12,37,High,Rain,PICKED_UP
EVT000415,2026-08-31T16:02:00,delivery_partner_app,ORDER_DELIVERED,ORD100083,CUS5970,REST737,Gurugram,Fast Food,966.34,Credit Card,11.4,36,Severe,Cloudy,DELIVERED
EVT000072,2026-08-31T13:48:00,restaurant_platform,RESTAURANT_ACCEPTED,ORD100015,CUS1832,REST543,Faridabad,Biryani,2159.11,Wallet,8.7,35,Severe,Clear,CONFIRMED
EVT000493,2026-08-31T16:27:00,delivery_partner_app,RIDER_ASSIGNED,ORD100099,CUS9684,REST349,Gurugram,Pizza,1619.54,Credit Card,4.94,55,Low,Heavy Rain,RIDER_ASSIGNED
EVT000059,2026-08-31T14:02:00,delivery_partner_app,ORDER_PICKED_UP,ORD100012,CUS8988,REST992,Delhi,Pizza,419.53,Cash,10.37,23,High,Heavy Rain,PICKED_UP
EVT000067,2026-08-31T12:43:00,restaurant_platform,RESTAURANT_ACCEPTED,ORD100014,CUS7431,REST913,Noida,South Indian,1315.78,Wallet,1.28,42,Medium,Rain,CONFIRMED
EVT000010,2026-08-31T14:12:00,delivery_partner_app,ORDER_DELIVERED,ORD100002,CUS9117,REST255,Gurugram,Pizza,1248.23,Cash,12.0,30,Medium,Heavy Rain,DELIVERED
EVT000211,2026-08-31T14:00:00,customer_app,ORDER_PLACED,ORD100043,CUS2347,REST376,Faridabad,Pizza,1918.46,Wallet,7.35,44,High,Heavy Rain,PLACED
EVT000205,2026-08-31T16:00:00,delivery_partner_app,ORDER_DELIVERED,ORD100041,CUS9476,REST401,Faridabad,Chinese,581.66,UPI,13.86,30,Severe,Cloudy,DELIVERED
EVT000225,2026-08-31T16:04:00,delivery_partner_app,ORDER_DELIVERED,ORD100045,CUS3937,REST964,Ghaziabad,Biryani,2442.8,Cash,6.84,29,High,Rain,DELIVERED
EVT000024,2026-08-31T14:43:00,delivery_partner_app,ORDER_PICKED_UP,ORD100005,CUS9467,REST238,Noida,Chinese,318.45,UPI,11.67,33,Severe,Rain,PICKED_UP
EVT000132,2026-08-31T14:18:00,restaurant_platform,RESTAURANT_ACCEPTED,ORD100027,CUS9519,REST548,Faridabad,Chinese,2171.89,UPI,7.08,46,High,Rain,CONFIRMED
EVT000003,2026-08-31T12:25:00,delivery_partner_app,RIDER_ASSIGNED,ORD100001,CUS5314,REST134,Ghaziabad,Biryani,1180.9,Wallet,7.36,32,Low,Heavy Rain,RIDER_ASSIGNED
EVT000154,2026-08-31T13:14:00,delivery_partner_app,ORDER_PICKED_UP,ORD100031,CUS6575,REST145,Noida,Chinese,244.39,Credit Card,12.53,57,Medium,Heavy Rain,PICKED_UP
EVT000147,2026-08-31T16:39:00,restaurant_platform,RESTAURANT_ACCEPTED,ORD100030,CUS2898,REST171,Delhi,Biryani,1688.82,UPI,13.12,24,Low,Rain,CONFIRMED
EVT000376,2026-08-31T16:59:00,customer_app,ORDER_PLACED,ORD100076,CUS4457,REST797,Noida,South Indian,2316.63,Debit Card,10.04,52,Severe,Clear,PLACED
EVT000039,2026-08-31T12:51:00,delivery_partner_app,ORDER_PICKED_UP,ORD100008,CUS8948,REST928,Ghaziabad,Biryani,1664.37,Debit Card,4.95,21,Severe,Heavy Rain,PICKED_UP
EVT000271,2026-08-31T12:47:00,customer_app,ORDER_PLACED,ORD100055,CUS6281,REST583,Faridabad,Fast Food,1878.85,Credit Card,4.83,32,Medium,Clear,PLACED
EVT000159,2026-08-31T12:27:00,delivery_partner_app,ORDER_PICKED_UP,ORD100032,CUS2120,REST505,Faridabad,Chinese,1484.57,Credit Card,14.54,31,Severe,Cloudy,PICKED_UP
EVT000213,2026-08-31T14:07:00,delivery_partner_app,RIDER_ASSIGNED,ORD100043,CUS2347,REST376,Faridabad,Pizza,1918.46,Wallet,7.35,44,High,Heavy Rain,RIDER_ASSIGNED
EVT000231,2026-08-31T12:25:00,customer_app,ORDER_PLACED,ORD100047,CUS9242,REST269,Gurugram,Chinese,665.76,Wallet,11.87,59,Severe,Clear,PLACED
EVT000448,2026-08-31T15:45:00,delivery_partner_app,RIDER_ASSIGNED,ORD100090,CUS4084,REST336,Ghaziabad,Fast Food,1424.17,UPI,4.35,23,Low,Clear,RIDER_ASSIGNED
EVT000305,2026-08-31T15:41:00,delivery_partner_app,ORDER_DELIVERED,ORD100061,CUS4514,REST632,Delhi,Chinese,1905.92,Credit Card,2.45,23,Medium,Cloudy,DELIVERED
EVT000183,2026-08-31T13:16:00,delivery_partner_app,RIDER_ASSIGNED,ORD100037,CUS3928,REST429,Ghaziabad,North Indian,1421.29,Wallet,13.42,21,Severe,Cloudy,RIDER_ASSIGNED
EVT000108,2026-08-31T12:29:00,delivery_partner_app,RIDER_ASSIGNED,ORD100022,CUS6208,REST749,Noida,Chinese,1142.43,Wallet,11.12,37,High,Rain,RIDER_ASSIGNED
EVT000325,2026-08-31T13:59:00,delivery_partner_app,ORDER_DELIVERED,ORD100065,CUS3687,REST908,Faridabad,South Indian,502.11,Credit Card,12.25,36,High,Heavy Rain,DELIVERED
EVT000353,2026-08-31T16:30:00,delivery_partner_app,RIDER_ASSIGNED,ORD100071,CUS3355,REST547,Gurugram,North Indian,2243.22,Credit Card,7.31,33,Severe,Cloudy,RIDER_ASSIGNED
EVT000161,2026-08-31T15:42:00,customer_app,ORDER_PLACED,ORD100033,CUS6346,REST437,Ghaziabad,North Indian,2201.57,Debit Card,13.18,38,Low,Clear,PLACED
EVT000032,2026-08-31T15:25:00,restaurant_platform,RESTAURANT_ACCEPTED,ORD100007,CUS1774,REST816,Ghaziabad,Chinese,1146.29,UPI,8.75,37,Low,Heavy Rain,CONFIRMED
EVT000136,2026-08-31T16:15:00,customer_app,ORDER_PLACED,ORD100028,CUS7449,REST486,Faridabad,North Indian,233.1,Wallet,1.72,52,Medium,Clear,PLACED
EVT000290,2026-08-31T14:27:00,delivery_partner_app,ORDER_DELIVERED,ORD100058,CUS9256,REST912,Ghaziabad,Biryani,1328.51,UPI,14.45,36,High,Cloudy,DELIVERED
EVT000263,2026-08-31T12:56:00,delivery_partner_app,RIDER_ASSIGNED,ORD100053,CUS6708,REST812,Delhi,Pizza,586.25,Wallet,14.09,54,Severe,Cloudy,RIDER_ASSIGNED
EVT000414,2026-08-31T15:57:00,delivery_partner_app,ORDER_PICKED_UP,ORD100083,CUS5970,REST737,Gurugram,Fast Food,966.34,Credit Card,11.4,36,Severe,Cloudy,PICKED_UP
EVT000482,2026-08-31T14:39:00,restaurant_platform,RESTAURANT_ACCEPTED,ORD100097,CUS5557,REST642,Faridabad,Pizza,362.11,Wallet,3.14,30,High,Rain,CONFIRMED
EVT000228,2026-08-31T15:33:00,delivery_partner_app,RIDER_ASSIGNED,ORD100046,CUS1746,REST949,Gurugram,Fast Food,2084.73,Wallet,11.79,46,Medium,Clear,RIDER_ASSIGNED
EVT000196,2026-08-31T14:06:00,customer_app,ORDER_PLACED,ORD100040,CUS9444,REST805,Delhi,North Indian,1335.53,Cash,1.29,29,Low,Cloudy,PLACED
EVT000476,2026-08-31T15:05:00,customer_app,ORDER_PLACED,ORD100096,CUS9062,REST921,Faridabad,Chinese,2017.27,Wallet,1.42,54,High,Cloudy,PLACED
EVT000091,2026-08-31T13:55:00,customer_app,ORDER_PLACED,ORD100019,CUS9335,REST743,Faridabad,Fast Food,2002.95,Debit Card,8.62,29,Severe,Clear,PLACED
EVT000430,2026-08-31T16:42:00,delivery_partner_app,ORDER_DELIVERED,ORD100086,CUS1746,REST623,Gurugram,North Indian,638.22,Debit Card,5.19,26,Low,Clear,DELIVERED
EVT000025,2026-08-31T14:54:00,delivery_partner_app,ORDER_DELIVERED,ORD100005,CUS9467,REST238,Noida,Chinese,318.45,UPI,11.67,33,Severe,Rain,DELIVERED
EVT000370,2026-08-31T14:23:00,delivery_partner_app,ORDER_DELIVERED,ORD100074,CUS6473,REST867,Delhi,North Indian,1820.73,Cash,2.95,50,Severe,Rain,DELIVERED
EVT000449,2026-08-31T15:55:00,delivery_partner_app,ORDER_PICKED_UP,ORD100090,CUS4084,REST336,Ghaziabad,Fast Food,1424.17,UPI,4.35,23,Low,Clear,PICKED_UP
EVT000267,2026-08-31T14:55:00,restaurant_platform,RESTAURANT_ACCEPTED,ORD100054,CUS1506,REST198,Gurugram,Pizza,716.08,Cash,2.06,45,Severe,Rain,CONFIRMED
EVT000191,2026-08-31T16:16:00,customer_app,ORDER_PLACED,ORD100039,CUS7572,REST653,Ghaziabad,Pizza,907.7,UPI,13.11,36,Severe,Cloudy,PLACED
EVT000035,2026-08-31T16:17:00,delivery_partner_app,ORDER_DELIVERED,ORD100007,CUS1774,REST816,Ghaziabad,Chinese,1146.29,UPI,8.75,37,Low,Heavy Rain,DELIVERED
EVT000331,2026-08-31T16:46:00,customer_app,ORDER_PLACED,ORD100067,CUS9850,REST707,Delhi,Fast Food,1277.59,Debit Card,12.69,26,Low,Rain,PLACED
EVT000146,2026-08-31T16:36:00,customer_app,ORDER_PLACED,ORD100030,CUS2898,REST171,Delhi,Biryani,1688.82,UPI,13.12,24,Low,Rain,PLACED
EVT000297,2026-08-31T16:55:00,restaurant_platform,RESTAURANT_ACCEPTED,ORD100060,CUS4958,REST478,Ghaziabad,South Indian,536.31,Wallet,10.97,40,Severe,Heavy Rain,CONFIRMED
EVT000124,2026-08-31T16:18:00,delivery_partner_app,ORDER_PICKED_UP,ORD100025,CUS9638,REST609,Noida,Pizza,1506.15,Credit Card,3.08,26,High,Clear,PICKED_UP
EVT000403,2026-08-31T15:22:00,delivery_partner_app,RIDER_ASSIGNED,ORD100081,CUS9536,REST809,Ghaziabad,North Indian,2071.32,UPI,14.37,53,Medium,Heavy Rain,RIDER_ASSIGNED
EVT000215,2026-08-31T14:45:00,delivery_partner_app,ORDER_DELIVERED,ORD100043,CUS2347,REST376,Faridabad,Pizza,1918.46,Wallet,7.35,44,High,Heavy Rain,DELIVERED
EVT000445,2026-08-31T14:42:00,delivery_partner_app,ORDER_DELIVERED,ORD100089,CUS4068,REST760,Gurugram,North Indian,625.82,Debit Card,3.66,33,Severe,Cloudy,DELIVERED
EVT000062,2026-08-31T13:48:00,restaurant_platform,RESTAURANT_ACCEPTED,ORD100013,CUS6221,REST442,Ghaziabad,Pizza,1487.23,UPI,5.36,44,Medium,Rain,CONFIRMED
EVT000083,2026-08-31T13:28:00,delivery_partner_app,RIDER_ASSIGNED,ORD100017,CUS8096,REST294,Gurugram,North Indian,2251.44,Wallet,11.21,58,Low,Clear,RIDER_ASSIGNED
EVT000052,2026-08-31T16:11:00,restaurant_platform,RESTAURANT_ACCEPTED,ORD100011,CUS1969,REST930,Ghaziabad,Biryani,156.35,Cash,14.32,54,Severe,Heavy Rain,CONFIRMED
EVT000042,2026-08-31T14:37:00,restaurant_platform,RESTAURANT_ACCEPTED,ORD100009,CUS8062,REST821,Gurugram,Chinese,708.13,UPI,12.37,56,High,Rain,CONFIRMED
EVT000286,2026-08-31T13:58:00,customer_app,ORDER_PLACED,ORD100058,CUS9256,REST912,Ghaziabad,Biryani,1328.51,UPI,14.45,36,High,Cloudy,PLACED
EVT000126,2026-08-31T13:54:00,customer_app,ORDER_PLACED,ORD100026,CUS6985,REST789,Gurugram,Fast Food,2446.94,Cash,11.7,54,High,Clear,PLACED
EVT000013,2026-08-31T15:00:00,delivery_partner_app,RIDER_ASSIGNED,ORD100003,CUS3256,REST837,Delhi,Chinese,928.6,Cash,14.16,56,Low,Rain,RIDER_ASSIGNED
EVT000311,2026-08-31T12:09:00,customer_app,ORDER_PLACED,ORD100063,CUS8549,REST573,Delhi,Biryani,1108.8,UPI,14.28,44,Low,Rain,PLACED
EVT000255,2026-08-31T15:40:00,delivery_partner_app,ORDER_DELIVERED,ORD100051,CUS8286,REST207,Faridabad,South Indian,2286.7,UPI,13.68,58,High,Heavy Rain,DELIVERED
EVT000053,2026-08-31T16:14:00,delivery_partner_app,RIDER_ASSIGNED,ORD100011,CUS1969,REST930,Ghaziabad,Biryani,156.35,Cash,14.32,54,Severe,Heavy Rain,RIDER_ASSIGNED
EVT000219,2026-08-31T16:56:00,delivery_partner_app,ORDER_PICKED_UP,ORD100044,CUS9776,REST575,Ghaziabad,Pizza,1837.16,Credit Card,3.1,44,Severe,Cloudy,PICKED_UP
EVT000398,2026-08-31T14:13:00,delivery_partner_app,RIDER_ASSIGNED,ORD100080,CUS5633,REST783,Gurugram,Biryani,1495.25,UPI,2.36,56,Severe,Cloudy,RIDER_ASSIGNED
EVT000467,2026-08-31T15:04:00,restaurant_platform,RESTAURANT_ACCEPTED,ORD100094,CUS6271,REST170,Ghaziabad,North Indian,1636.9,Wallet,6.37,29,Severe,Heavy Rain,CONFIRMED
EVT000088,2026-08-31T14:56:00,delivery_partner_app,RIDER_ASSIGNED,ORD100018,CUS3318,REST864,Gurugram,Chinese,507.43,Debit Card,5.88,43,Low,Cloudy,RIDER_ASSIGNED
EVT000444,2026-08-31T14:22:00,delivery_partner_app,ORDER_PICKED_UP,ORD100089,CUS4068,REST760,Gurugram,North Indian,625.82,Debit Card,3.66,33,Severe,Cloudy,PICKED_UP
EVT000090,2026-08-31T15:39:00,delivery_partner_app,ORDER_DELIVERED,ORD100018,CUS3318,REST864,Gurugram,Chinese,507.43,Debit Card,5.88,43,Low,Cloudy,DELIVERED
EVT000447,2026-08-31T15:38:00,restaurant_platform,RESTAURANT_ACCEPTED,ORD100090,CUS4084,REST336,Ghaziabad,Fast Food,1424.17,UPI,4.35,23,Low,Clear,CONFIRMED
EVT000259,2026-08-31T15:19:00,delivery_partner_app,ORDER_PICKED_UP,ORD100052,CUS4891,REST301,Noida,Biryani,1333.09,Wallet,2.57,29,Low,Heavy Rain,PICKED_UP
EVT000080,2026-08-31T16:33:00,delivery_partner_app,ORDER_DELIVERED,ORD100016,CUS6318,REST460,Gurugram,Biryani,362.92,Debit Card,2.6,29,Low,Rain,DELIVERED
EVT000319,2026-08-31T13:05:00,delivery_partner_app,ORDER_PICKED_UP,ORD100064,CUS9219,REST728,Ghaziabad,North Indian,1442.98,Credit Card,13.29,34,Severe,Heavy Rain,PICKED_UP
EVT000167,2026-08-31T15:37:00,restaurant_platform,RESTAURANT_ACCEPTED,ORD100034,CUS4596,REST542,Gurugram,Chinese,402.28,Wallet,6.25,41,Low,Cloudy,CONFIRMED
EVT000129,2026-08-31T14:13:00,delivery_partner_app,ORDER_PICKED_UP,ORD100026,CUS6985,REST789,Gurugram,Fast Food,2446.94,Cash,11.7,54,High,Clear,PICKED_UP
EVT000494,2026-08-31T16:37:00,delivery_partner_app,ORDER_PICKED_UP,ORD100099,CUS9684,REST349,Gurugram,Pizza,1619.54,Credit Card,4.94,55,Low,Heavy Rain,PICKED_UP
EVT000257,2026-08-31T15:07:00,restaurant_platform,RESTAURANT_ACCEPTED,ORD100052,CUS4891,REST301,Noida,Biryani,1333.09,Wallet,2.57,29,Low,Heavy Rain,CONFIRMED
EVT000233,2026-08-31T12:34:00,delivery_partner_app,RIDER_ASSIGNED,ORD100047,CUS9242,REST269,Gurugram,Chinese,665.76,Wallet,11.87,59,Severe,Clear,RIDER_ASSIGNED
EVT000356,2026-08-31T12:21:00,customer_app,ORDER_PLACED,ORD100072,CUS2229,REST141,Noida,Chinese,483.33,Cash,5.53,49,Medium,Cloudy,PLACED
EVT000016,2026-08-31T15:58:00,customer_app,ORDER_PLACED,ORD100004,CUS8841,REST927,Delhi,North Indian,548.55,Wallet,1.31,29,High,Rain,PLACED
EVT000308,2026-08-31T16:35:00,delivery_partner_app,RIDER_ASSIGNED,ORD100062,CUS2744,REST302,Noida,Fast Food,647.69,Debit Card,4.63,20,Severe,Clear,RIDER_ASSIGNED
EVT000180,2026-08-31T16:47:00,delivery_partner_app,ORDER_DELIVERED,ORD100036,CUS2429,REST652,Ghaziabad,Chinese,1050.31,Debit Card,3.34,45,Low,Cloudy,DELIVERED
EVT000164,2026-08-31T15:57:00,delivery_partner_app,ORDER_PICKED_UP,ORD100033,CUS6346,REST437,Ghaziabad,North Indian,2201.57,Debit Card,13.18,38,Low,Clear,PICKED_UP
EVT000363,2026-08-31T12:43:00,delivery_partner_app,RIDER_ASSIGNED,ORD100073,CUS6709,REST623,Gurugram,North Indian,859.39,Debit Card,2.0,39,High,Clear,RIDER_ASSIGNED
EVT000314,2026-08-31T12:29:00,delivery_partner_app,ORDER_PICKED_UP,ORD100063,CUS8549,REST573,Delhi,Biryani,1108.8,UPI,14.28,44,Low,Rain,PICKED_UP
EVT000418,2026-08-31T14:45:00,delivery_partner_app,RIDER_ASSIGNED,ORD100084,CUS6363,REST256,Gurugram,Pizza,1426.37,Debit Card,7.09,52,Low,Cloudy,RIDER_ASSIGNED
EVT000065,2026-08-31T14:27:00,delivery_partner_app,ORDER_DELIVERED,ORD100013,CUS6221,REST442,Ghaziabad,Pizza,1487.23,UPI,5.36,44,Medium,Rain,DELIVERED
EVT000283,2026-08-31T12:27:00,delivery_partner_app,RIDER_ASSIGNED,ORD100057,CUS7819,REST511,Gurugram,Biryani,1813.07,Wallet,11.29,32,High,Cloudy,RIDER_ASSIGNED
EVT000357,2026-08-31T12:24:00,restaurant_platform,RESTAURANT_ACCEPTED,ORD100072,CUS2229,REST141,Noida,Chinese,483.33,Cash,5.53,49,Medium,Cloudy,CONFIRMED
EVT000483,2026-08-31T14:45:00,delivery_partner_app,RIDER_ASSIGNED,ORD100097,CUS5557,REST642,Faridabad,Pizza,362.11,Wallet,3.14,30,High,Rain,RIDER_ASSIGNED
EVT000011,2026-08-31T14:52:00,customer_app,ORDER_PLACED,ORD100003,CUS3256,REST837,Delhi,Chinese,928.6,Cash,14.16,56,Low,Rain,PLACED
EVT000420,2026-08-31T15:02:00,delivery_partner_app,ORDER_DELIVERED,ORD100084,CUS6363,REST256,Gurugram,Pizza,1426.37,Debit Card,7.09,52,Low,Cloudy,DELIVERED
EVT000424,2026-08-31T15:56:00,delivery_partner_app,ORDER_PICKED_UP,ORD100085,CUS8426,REST241,Delhi,Fast Food,1343.99,Cash,7.14,60,Medium,Rain,PICKED_UP
EVT000390,2026-08-31T17:09:00,delivery_partner_app,ORDER_DELIVERED,ORD100078,CUS5605,REST996,Faridabad,Chinese,2389.19,Wallet,6.71,34,Severe,Clear,DELIVERED
EVT000158,2026-08-31T12:18:00,delivery_partner_app,RIDER_ASSIGNED,ORD100032,CUS2120,REST505,Faridabad,Chinese,1484.57,Credit Card,14.54,31,Severe,Cloudy,RIDER_ASSIGNED
EVT000230,2026-08-31T16:08:00,delivery_partner_app,ORDER_DELIVERED,ORD100046,CUS1746,REST949,Gurugram,Fast Food,2084.73,Wallet,11.79,46,Medium,Clear,DELIVERED
EVT000310,2026-08-31T17:20:00,delivery_partner_app,ORDER_DELIVERED,ORD100062,CUS2744,REST302,Noida,Fast Food,647.69,Debit Card,4.63,20,Severe,Clear,DELIVERED
EVT000303,2026-08-31T15:19:00,delivery_partner_app,RIDER_ASSIGNED,ORD100061,CUS4514,REST632,Delhi,Chinese,1905.92,Credit Card,2.45,23,Medium,Cloudy,RIDER_ASSIGNED
EVT000157,2026-08-31T12:13:00,restaurant_platform,RESTAURANT_ACCEPTED,ORD100032,CUS2120,REST505,Faridabad,Chinese,1484.57,Credit Card,14.54,31,Severe,Cloudy,CONFIRMED
EVT000276,2026-08-31T15:38:00,customer_app,ORDER_PLACED,ORD100056,CUS9188,REST826,Noida,Fast Food,1589.06,Wallet,4.52,49,Severe,Heavy Rain,PLACED
EVT000103,2026-08-31T16:40:00,delivery_partner_app,RIDER_ASSIGNED,ORD100021,CUS2245,REST519,Ghaziabad,Pizza,453.28,Wallet,13.35,46,Low,Rain,RIDER_ASSIGNED
EVT000097,2026-08-31T13:31:00,restaurant_platform,RESTAURANT_ACCEPTED,ORD100020,CUS5184,REST183,Delhi,North Indian,2426.97,Cash,3.25,56,Severe,Clear,CONFIRMED
EVT000165,2026-08-31T16:17:00,delivery_partner_app,ORDER_DELIVERED,ORD100033,CUS6346,REST437,Ghaziabad,North Indian,2201.57,Debit Card,13.18,38,Low,Clear,DELIVERED
EVT000022,2026-08-31T14:28:00,restaurant_platform,RESTAURANT_ACCEPTED,ORD100005,CUS9467,REST238,Noida,Chinese,318.45,UPI,11.67,33,Severe,Rain,CONFIRMED
EVT000265,2026-08-31T13:36:00,delivery_partner_app,ORDER_DELIVERED,ORD100053,CUS6708,REST812,Delhi,Pizza,586.25,Wallet,14.09,54,Severe,Cloudy,DELIVERED
EVT000142,2026-08-31T14:14:00,restaurant_platform,RESTAURANT_ACCEPTED,ORD100029,CUS8220,REST800,Ghaziabad,North Indian,754.49,Debit Card,10.31,40,Severe,Heavy Rain,CONFIRMED
EVT000432,2026-08-31T14:52:00,restaurant_platform,RESTAURANT_ACCEPTED,ORD100087,CUS1627,REST849,Delhi,Chinese,662.21,Debit Card,4.72,25,Low,Heavy Rain,CONFIRMED
EVT000031,2026-08-31T15:20:00,customer_app,ORDER_PLACED,ORD100007,CUS1774,REST816,Ghaziabad,Chinese,1146.29,UPI,8.75,37,Low,Heavy Rain,PLACED
EVT000492,2026-08-31T16:20:00,restaurant_platform,RESTAURANT_ACCEPTED,ORD100099,CUS9684,REST349,Gurugram,Pizza,1619.54,Credit Card,4.94,55,Low,Heavy Rain,CONFIRMED
EVT000469,2026-08-31T15:20:00,delivery_partner_app,ORDER_PICKED_UP,ORD100094,CUS6271,REST170,Ghaziabad,North Indian,1636.9,Wallet,6.37,29,Severe,Heavy Rain,PICKED_UP
EVT000471,2026-08-31T13:34:00,customer_app,ORDER_PLACED,ORD100095,CUS2935,REST833,Noida,Fast Food,429.97,Debit Card,9.43,48,Severe,Clear,PLACED
EVT000115,2026-08-31T13:10:00,delivery_partner_app,ORDER_DELIVERED,ORD100023,CUS5935,REST356,Faridabad,Pizza,1553.92,UPI,5.51,23,Severe,Heavy Rain,DELIVERED
EVT000170,2026-08-31T16:23:00,delivery_partner_app,ORDER_DELIVERED,ORD100034,CUS4596,REST542,Gurugram,Chinese,402.28,Wallet,6.25,41,Low,Cloudy,DELIVERED
EVT000284,2026-08-31T12:42:00,delivery_partner_app,ORDER_PICKED_UP,ORD100057,CUS7819,REST511,Gurugram,Biryani,1813.07,Wallet,11.29,32,High,Cloudy,PICKED_UP
EVT000192,2026-08-31T16:21:00,restaurant_platform,RESTAURANT_ACCEPTED,ORD100039,CUS7572,REST653,Ghaziabad,Pizza,907.7,UPI,13.11,36,Severe,Cloudy,CONFIRMED
EVT000169,2026-08-31T15:55:00,delivery_partner_app,ORDER_PICKED_UP,ORD100034,CUS4596,REST542,Gurugram,Chinese,402.28,Wallet,6.25,41,Low,Cloudy,PICKED_UP
EVT000243,2026-08-31T15:24:00,delivery_partner_app,RIDER_ASSIGNED,ORD100049,CUS6282,REST332,Ghaziabad,Biryani,2396.72,Cash,14.15,38,Low,Heavy Rain,RIDER_ASSIGNED
EVT000409,2026-08-31T12:32:00,delivery_partner_app,ORDER_PICKED_UP,ORD100082,CUS5332,REST844,Ghaziabad,Fast Food,1105.57,Credit Card,3.29,26,High,Clear,PICKED_UP
EVT000099,2026-08-31T13:46:00,delivery_partner_app,ORDER_PICKED_UP,ORD100020,CUS5184,REST183,Delhi,North Indian,2426.97,Cash,3.25,56,Severe,Clear,PICKED_UP
EVT000313,2026-08-31T12:15:00,delivery_partner_app,RIDER_ASSIGNED,ORD100063,CUS8549,REST573,Delhi,Biryani,1108.8,UPI,14.28,44,Low,Rain,RIDER_ASSIGNED
EVT000060,2026-08-31T14:40:00,delivery_partner_app,ORDER_DELIVERED,ORD100012,CUS8988,REST992,Delhi,Pizza,419.53,Cash,10.37,23,High,Heavy Rain,DELIVERED
EVT000453,2026-08-31T15:28:00,delivery_partner_app,RIDER_ASSIGNED,ORD100091,CUS7588,REST341,Noida,South Indian,1835.28,Credit Card,9.03,27,Low,Heavy Rain,RIDER_ASSIGNED
EVT000155,2026-08-31T13:20:00,delivery_partner_app,ORDER_DELIVERED,ORD100031,CUS6575,REST145,Noida,Chinese,244.39,Credit Card,12.53,57,Medium,Heavy Rain,DELIVERED
EVT000488,2026-08-31T13:48:00,delivery_partner_app,RIDER_ASSIGNED,ORD100098,CUS1820,REST700,Ghaziabad,Fast Food,2358.67,Debit Card,9.77,55,High,Rain,RIDER_ASSIGNED
EVT000204,2026-08-31T15:38:00,delivery_partner_app,ORDER_PICKED_UP,ORD100041,CUS9476,REST401,Faridabad,Chinese,581.66,UPI,13.86,30,Severe,Cloudy,PICKED_UP
EVT000127,2026-08-31T13:58:00,restaurant_platform,RESTAURANT_ACCEPTED,ORD100026,CUS6985,REST789,Gurugram,Fast Food,2446.94,Cash,11.7,54,High,Clear,CONFIRMED
EVT000111,2026-08-31T12:21:00,customer_app,ORDER_PLACED,ORD100023,CUS5935,REST356,Faridabad,Pizza,1553.92,UPI,5.51,23,Severe,Heavy Rain,PLACED
EVT000209,2026-08-31T13:18:00,delivery_partner_app,ORDER_PICKED_UP,ORD100042,CUS5880,REST572,Ghaziabad,Fast Food,2403.82,Wallet,3.62,22,Medium,Rain,PICKED_UP
EVT000116,2026-08-31T15:03:00,customer_app,ORDER_PLACED,ORD100024,CUS8615,REST629,Faridabad,Fast Food,1782.32,Wallet,9.82,22,Low,Cloudy,PLACED
EVT000425,2026-08-31T16:02:00,delivery_partner_app,ORDER_DELIVERED,ORD100085,CUS8426,REST241,Delhi,Fast Food,1343.99,Cash,7.14,60,Medium,Rain,DELIVERED
EVT000121,2026-08-31T16:02:00,customer_app,ORDER_PLACED,ORD100025,CUS9638,REST609,Noida,Pizza,1506.15,Credit Card,3.08,26,High,Clear,PLACED
EVT000315,2026-08-31T13:08:00,delivery_partner_app,ORDER_DELIVERED,ORD100063,CUS8549,REST573,Delhi,Biryani,1108.8,UPI,14.28,44,Low,Rain,DELIVERED
EVT000138,2026-08-31T16:24:00,delivery_partner_app,RIDER_ASSIGNED,ORD100028,CUS7449,REST486,Faridabad,North Indian,233.1,Wallet,1.72,52,Medium,Clear,RIDER_ASSIGNED
EVT000151,2026-08-31T12:55:00,customer_app,ORDER_PLACED,ORD100031,CUS6575,REST145,Noida,Chinese,244.39,Credit Card,12.53,57,Medium,Heavy Rain,PLACED
EVT000322,2026-08-31T13:36:00,restaurant_platform,RESTAURANT_ACCEPTED,ORD100065,CUS3687,REST908,Faridabad,South Indian,502.11,Credit Card,12.25,36,High,Heavy Rain,CONFIRMED
EVT000168,2026-08-31T15:41:00,delivery_partner_app,RIDER_ASSIGNED,ORD100034,CUS4596,REST542,Gurugram,Chinese,402.28,Wallet,6.25,41,Low,Cloudy,RIDER_ASSIGNED
EVT000392,2026-08-31T13:47:00,restaurant_platform,RESTAURANT_ACCEPTED,ORD100079,CUS8755,REST471,Noida,Pizza,1340.57,Credit Card,12.77,39,High,Heavy Rain,CONFIRMED
EVT000049,2026-08-31T14:53:00,delivery_partner_app,ORDER_PICKED_UP,ORD100010,CUS2773,REST221,Ghaziabad,Pizza,1344.63,Wallet,13.69,27,High,Cloudy,PICKED_UP
EVT000212,2026-08-31T14:04:00,restaurant_platform,RESTAURANT_ACCEPTED,ORD100043,CUS2347,REST376,Faridabad,Pizza,1918.46,Wallet,7.35,44,High,Heavy Rain,CONFIRMED
EVT000047,2026-08-31T14:40:00,restaurant_platform,RESTAURANT_ACCEPTED,ORD100010,CUS2773,REST221,Ghaziabad,Pizza,1344.63,Wallet,13.69,27,High,Cloudy,CONFIRMED
EVT000317,2026-08-31T12:46:00,restaurant_platform,RESTAURANT_ACCEPTED,ORD100064,CUS9219,REST728,Ghaziabad,North Indian,1442.98,Credit Card,13.29,34,Severe,Heavy Rain,CONFIRMED
EVT000021,2026-08-31T14:23:00,customer_app,ORDER_PLACED,ORD100005,CUS9467,REST238,Noida,Chinese,318.45,UPI,11.67,33,Severe,Rain,PLACED
EVT000252,2026-08-31T15:12:00,restaurant_platform,RESTAURANT_ACCEPTED,ORD100051,CUS8286,REST207,Faridabad,South Indian,2286.7,UPI,13.68,58,High,Heavy Rain,CONFIRMED
EVT000405,2026-08-31T15:47:00,delivery_partner_app,ORDER_DELIVERED,ORD100081,CUS9536,REST809,Ghaziabad,North Indian,2071.32,UPI,14.37,53,Medium,Heavy Rain,DELIVERED
EVT000350,2026-08-31T15:04:00,delivery_partner_app,ORDER_DELIVERED,ORD100070,CUS6611,REST125,Gurugram,Chinese,1303.87,Credit Card,10.19,44,Severe,Heavy Rain,DELIVERED
EVT000351,2026-08-31T16:23:00,customer_app,ORDER_PLACED,ORD100071,CUS3355,REST547,Gurugram,North Indian,2243.22,Credit Card,7.31,33,Severe,Cloudy,PLACED
EVT000004,2026-08-31T12:38:00,delivery_partner_app,ORDER_PICKED_UP,ORD100001,CUS5314,REST134,Ghaziabad,Biryani,1180.9,Wallet,7.36,32,Low,Heavy Rain,PICKED_UP
EVT000468,2026-08-31T15:07:00,delivery_partner_app,RIDER_ASSIGNED,ORD100094,CUS6271,REST170,Ghaziabad,North Indian,1636.9,Wallet,6.37,29,Severe,Heavy Rain,RIDER_ASSIGNED
EVT000372,2026-08-31T15:29:00,restaurant_platform,RESTAURANT_ACCEPTED,ORD100075,CUS6420,REST670,Gurugram,South Indian,1459.96,Cash,12.97,20,Medium,Clear,CONFIRMED
EVT000240,2026-08-31T13:43:00,delivery_partner_app,ORDER_DELIVERED,ORD100048,CUS1400,REST429,Gurugram,Fast Food,1957.13,Wallet,5.93,50,Low,Rain,DELIVERED
EVT000030,2026-08-31T16:39:00,delivery_partner_app,ORDER_DELIVERED,ORD100006,CUS4275,REST242,Gurugram,Chinese,474.35,Credit Card,13.51,59,Severe,Clear,DELIVERED
EVT000289,2026-08-31T14:17:00,delivery_partner_app,ORDER_PICKED_UP,ORD100058,CUS9256,REST912,Ghaziabad,Biryani,1328.51,UPI,14.45,36,High,Cloudy,PICKED_UP
EVT000107,2026-08-31T12:26:00,restaurant_platform,RESTAURANT_ACCEPTED,ORD100022,CUS6208,REST749,Noida,Chinese,1142.43,Wallet,11.12,37,High,Rain,CONFIRMED
EVT000171,2026-08-31T12:30:00,customer_app,ORDER_PLACED,ORD100035,CUS6521,REST983,Ghaziabad,Fast Food,2193.42,Cash,12.45,51,High,Clear,PLACED
EVT000388,2026-08-31T16:22:00,delivery_partner_app,RIDER_ASSIGNED,ORD100078,CUS5605,REST996,Faridabad,Chinese,2389.19,Wallet,6.71,34,Severe,Clear,RIDER_ASSIGNED
EVT000285,2026-08-31T13:00:00,delivery_partner_app,ORDER_DELIVERED,ORD100057,CUS7819,REST511,Gurugram,Biryani,1813.07,Wallet,11.29,32,High,Cloudy,DELIVERED
EVT000340,2026-08-31T13:58:00,delivery_partner_app,ORDER_DELIVERED,ORD100068,CUS2891,REST172,Noida,North Indian,1828.68,UPI,13.17,56,Medium,Heavy Rain,DELIVERED
EVT000201,2026-08-31T15:22:00,customer_app,ORDER_PLACED,ORD100041,CUS9476,REST401,Faridabad,Chinese,581.66,UPI,13.86,30,Severe,Cloudy,PLACED
EVT000386,2026-08-31T16:16:00,customer_app,ORDER_PLACED,ORD100078,CUS5605,REST996,Faridabad,Chinese,2389.19,Wallet,6.71,34,Severe,Clear,PLACED
EVT000202,2026-08-31T15:27:00,restaurant_platform,RESTAURANT_ACCEPTED,ORD100041,CUS9476,REST401,Faridabad,Chinese,581.66,UPI,13.86,30,Severe,Cloudy,CONFIRMED
EVT000384,2026-08-31T13:53:00,delivery_partner_app,ORDER_PICKED_UP,ORD100077,CUS5567,REST999,Gurugram,Pizza,1789.94,UPI,13.77,30,Low,Rain,PICKED_UP
EVT000006,2026-08-31T13:38:00,customer_app,ORDER_PLACED,ORD100002,CUS9117,REST255,Gurugram,Pizza,1248.23,Cash,12.0,30,Medium,Heavy Rain,PLACED
EVT000358,2026-08-31T12:31:00,delivery_partner_app,RIDER_ASSIGNED,ORD100072,CUS2229,REST141,Noida,Chinese,483.33,Cash,5.53,49,Medium,Cloudy,RIDER_ASSIGNED
EVT000437,2026-08-31T16:42:00,restaurant_platform,RESTAURANT_ACCEPTED,ORD100088,CUS8224,REST280,Gurugram,South Indian,2374.2,Credit Card,8.27,35,High,Clear,CONFIRMED
EVT000066,2026-08-31T12:38:00,customer_app,ORDER_PLACED,ORD100014,CUS7431,REST913,Noida,South Indian,1315.78,Wallet,1.28,42,Medium,Rain,PLACED
EVT000261,2026-08-31T12:46:00,customer_app,ORDER_PLACED,ORD100053,CUS6708,REST812,Delhi,Pizza,586.25,Wallet,14.09,54,Severe,Cloudy,PLACED
EVT000251,2026-08-31T15:09:00,customer_app,ORDER_PLACED,ORD100051,CUS8286,REST207,Faridabad,South Indian,2286.7,UPI,13.68,58,High,Heavy Rain,PLACED
EVT000361,2026-08-31T12:33:00,customer_app,ORDER_PLACED,ORD100073,CUS6709,REST623,Gurugram,North Indian,859.39,Debit Card,2.0,39,High,Clear,PLACED
EVT000206,2026-08-31T12:53:00,customer_app,ORDER_PLACED,ORD100042,CUS5880,REST572,Ghaziabad,Fast Food,2403.82,Wallet,3.62,22,Medium,Rain,PLACED
EVT000258,2026-08-31T15:08:00,delivery_partner_app,RIDER_ASSIGNED,ORD100052,CUS4891,REST301,Noida,Biryani,1333.09,Wallet,2.57,29,Low,Heavy Rain,RIDER_ASSIGNED
EVT000140,2026-08-31T16:51:00,delivery_partner_app,ORDER_DELIVERED,ORD100028,CUS7449,REST486,Faridabad,North Indian,233.1,Wallet,1.72,52,Medium,Clear,DELIVERED
EVT000203,2026-08-31T15:32:00,delivery_partner_app,RIDER_ASSIGNED,ORD100041,CUS9476,REST401,Faridabad,Chinese,581.66,UPI,13.86,30,Severe,Cloudy,RIDER_ASSIGNED
EVT000104,2026-08-31T16:54:00,delivery_partner_app,ORDER_PICKED_UP,ORD100021,CUS2245,REST519,Ghaziabad,Pizza,453.28,Wallet,13.35,46,Low,Rain,PICKED_UP
EVT000489,2026-08-31T13:56:00,delivery_partner_app,ORDER_PICKED_UP,ORD100098,CUS1820,REST700,Ghaziabad,Fast Food,2358.67,Debit Card,9.77,55,High,Rain,PICKED_UP
EVT000269,2026-08-31T15:13:00,delivery_partner_app,ORDER_PICKED_UP,ORD100054,CUS1506,REST198,Gurugram,Pizza,716.08,Cash,2.06,45,Severe,Rain,PICKED_UP
EVT000333,2026-08-31T16:55:00,delivery_partner_app,RIDER_ASSIGNED,ORD100067,CUS9850,REST707,Delhi,Fast Food,1277.59,Debit Card,12.69,26,Low,Rain,RIDER_ASSIGNED
EVT000098,2026-08-31T13:37:00,delivery_partner_app,RIDER_ASSIGNED,ORD100020,CUS5184,REST183,Delhi,North Indian,2426.97,Cash,3.25,56,Severe,Clear,RIDER_ASSIGNED
EVT000229,2026-08-31T15:49:00,delivery_partner_app,ORDER_PICKED_UP,ORD100046,CUS1746,REST949,Gurugram,Fast Food,2084.73,Wallet,11.79,46,Medium,Clear,PICKED_UP
EVT000456,2026-08-31T15:45:00,customer_app,ORDER_PLACED,ORD100092,CUS6322,REST552,Noida,Biryani,1964.92,Credit Card,12.05,35,Medium,Heavy Rain,PLACED
EVT000359,2026-08-31T12:38:00,delivery_partner_app,ORDER_PICKED_UP,ORD100072,CUS2229,REST141,Noida,Chinese,483.33,Cash,5.53,49,Medium,Cloudy,PICKED_UP
EVT000419,2026-08-31T14:53:00,delivery_partner_app,ORDER_PICKED_UP,ORD100084,CUS6363,REST256,Gurugram,Pizza,1426.37,Debit Card,7.09,52,Low,Cloudy,PICKED_UP
EVT000094,2026-08-31T14:20:00,delivery_partner_app,ORDER_PICKED_UP,ORD100019,CUS9335,REST743,Faridabad,Fast Food,2002.95,Debit Card,8.62,29,Severe,Clear,PICKED_UP
EVT000117,2026-08-31T15:08:00,restaurant_platform,RESTAURANT_ACCEPTED,ORD100024,CUS8615,REST629,Faridabad,Fast Food,1782.32,Wallet,9.82,22,Low,Cloudy,CONFIRMED
EVT000190,2026-08-31T15:56:00,delivery_partner_app,ORDER_DELIVERED,ORD100038,CUS3937,REST667,Faridabad,Pizza,1235.5,Cash,14.08,23,Low,Heavy Rain,DELIVERED
EVT000106,2026-08-31T12:22:00,customer_app,ORDER_PLACED,ORD100022,CUS6208,REST749,Noida,Chinese,1142.43,Wallet,11.12,37,High,Rain,PLACED
EVT000324,2026-08-31T13:47:00,delivery_partner_app,ORDER_PICKED_UP,ORD100065,CUS3687,REST908,Faridabad,South Indian,502.11,Credit Card,12.25,36,High,Heavy Rain,PICKED_UP
EVT000288,2026-08-31T14:07:00,delivery_partner_app,RIDER_ASSIGNED,ORD100058,CUS9256,REST912,Ghaziabad,Biryani,1328.51,UPI,14.45,36,High,Cloudy,RIDER_ASSIGNED
EVT000461,2026-08-31T15:08:00,customer_app,ORDER_PLACED,ORD100093,CUS9296,REST819,Faridabad,Fast Food,1173.39,Credit Card,1.2,38,Low,Heavy Rain,PLACED
EVT000368,2026-08-31T13:55:00,delivery_partner_app,RIDER_ASSIGNED,ORD100074,CUS6473,REST867,Delhi,North Indian,1820.73,Cash,2.95,50,Severe,Rain,RIDER_ASSIGNED
EVT000014,2026-08-31T15:08:00,delivery_partner_app,ORDER_PICKED_UP,ORD100003,CUS3256,REST837,Delhi,Chinese,928.6,Cash,14.16,56,Low,Rain,PICKED_UP
EVT000428,2026-08-31T16:18:00,delivery_partner_app,RIDER_ASSIGNED,ORD100086,CUS1746,REST623,Gurugram,North Indian,638.22,Debit Card,5.19,26,Low,Clear,RIDER_ASSIGNED
EVT000352,2026-08-31T16:27:00,restaurant_platform,RESTAURANT_ACCEPTED,ORD100071,CUS3355,REST547,Gurugram,North Indian,2243.22,Credit Card,7.31,33,Severe,Cloudy,CONFIRMED
EVT000459,2026-08-31T16:00:00,delivery_partner_app,ORDER_PICKED_UP,ORD100092,CUS6322,REST552,Noida,Biryani,1964.92,Credit Card,12.05,35,Medium,Heavy Rain,PICKED_UP
EVT000478,2026-08-31T15:14:00,delivery_partner_app,RIDER_ASSIGNED,ORD100096,CUS9062,REST921,Faridabad,Chinese,2017.27,Wallet,1.42,54,High,Cloudy,RIDER_ASSIGNED
EVT000249,2026-08-31T12:46:00,delivery_partner_app,ORDER_PICKED_UP,ORD100050,CUS7644,REST373,Faridabad,Biryani,899.22,Credit Card,9.63,49,Severe,Rain,PICKED_UP
EVT000491,2026-08-31T16:18:00,customer_app,ORDER_PLACED,ORD100099,CUS9684,REST349,Gurugram,Pizza,1619.54,Credit Card,4.94,55,Low,Heavy Rain,PLACED
EVT000423,2026-08-31T15:41:00,delivery_partner_app,RIDER_ASSIGNED,ORD100085,CUS8426,REST241,Delhi,Fast Food,1343.99,Cash,7.14,60,Medium,Rain,RIDER_ASSIGNED
EVT000373,2026-08-31T15:34:00,delivery_partner_app,RIDER_ASSIGNED,ORD100075,CUS6420,REST670,Gurugram,South Indian,1459.96,Cash,12.97,20,Medium,Clear,RIDER_ASSIGNED
EVT000095,2026-08-31T14:43:00,delivery_partner_app,ORDER_DELIVERED,ORD100019,CUS9335,REST743,Faridabad,Fast Food,2002.95,Debit Card,8.62,29,Severe,Clear,DELIVERED
EVT000382,2026-08-31T13:38:00,restaurant_platform,RESTAURANT_ACCEPTED,ORD100077,CUS5567,REST999,Gurugram,Pizza,1789.94,UPI,13.77,30,Low,Rain,CONFIRMED
EVT000374,2026-08-31T15:40:00,delivery_partner_app,ORDER_PICKED_UP,ORD100075,CUS6420,REST670,Gurugram,South Indian,1459.96,Cash,12.97,20,Medium,Clear,PICKED_UP
EVT000085,2026-08-31T14:12:00,delivery_partner_app,ORDER_DELIVERED,ORD100017,CUS8096,REST294,Gurugram,North Indian,2251.44,Wallet,11.21,58,Low,Clear,DELIVERED
EVT000402,2026-08-31T15:18:00,restaurant_platform,RESTAURANT_ACCEPTED,ORD100081,CUS9536,REST809,Ghaziabad,North Indian,2071.32,UPI,14.37,53,Medium,Heavy Rain,CONFIRMED
EVT000379,2026-08-31T17:20:00,delivery_partner_app,ORDER_PICKED_UP,ORD100076,CUS4457,REST797,Noida,South Indian,2316.63,Debit Card,10.04,52,Severe,Clear,PICKED_UP
EVT000479,2026-08-31T15:29:00,delivery_partner_app,ORDER_PICKED_UP,ORD100096,CUS9062,REST921,Faridabad,Chinese,2017.27,Wallet,1.42,54,High,Cloudy,PICKED_UP
EVT000210,2026-08-31T13:52:00,delivery_partner_app,ORDER_DELIVERED,ORD100042,CUS5880,REST572,Ghaziabad,Fast Food,2403.82,Wallet,3.62,22,Medium,Rain,DELIVERED
EVT000184,2026-08-31T13:25:00,delivery_partner_app,ORDER_PICKED_UP,ORD100037,CUS3928,REST429,Ghaziabad,North Indian,1421.29,Wallet,13.42,21,Severe,Cloudy,PICKED_UP
EVT000477,2026-08-31T15:08:00,restaurant_platform,RESTAURANT_ACCEPTED,ORD100096,CUS9062,REST921,Faridabad,Chinese,2017.27,Wallet,1.42,54,High,Cloudy,CONFIRMED
EVT000336,2026-08-31T13:12:00,customer_app,ORDER_PLACED,ORD100068,CUS2891,REST172,Noida,North Indian,1828.68,UPI,13.17,56,Medium,Heavy Rain,PLACED
EVT000364,2026-08-31T12:55:00,delivery_partner_app,ORDER_PICKED_UP,ORD100073,CUS6709,REST623,Gurugram,North Indian,859.39,Debit Card,2.0,39,High,Clear,PICKED_UP
EVT000034,2026-08-31T15:38:00,delivery_partner_app,ORDER_PICKED_UP,ORD100007,CUS1774,REST816,Ghaziabad,Chinese,1146.29,UPI,8.75,37,Low,Heavy Rain,PICKED_UP
EVT000023,2026-08-31T14:31:00,delivery_partner_app,RIDER_ASSIGNED,ORD100005,CUS9467,REST238,Noida,Chinese,318.45,UPI,11.67,33,Severe,Rain,RIDER_ASSIGNED
EVT000063,2026-08-31T13:50:00,delivery_partner_app,RIDER_ASSIGNED,ORD100013,CUS6221,REST442,Ghaziabad,Pizza,1487.23,UPI,5.36,44,Medium,Rain,RIDER_ASSIGNED
EVT000499,2026-08-31T14:43:00,delivery_partner_app,ORDER_PICKED_UP,ORD100100,CUS8959,REST304,Ghaziabad,Biryani,669.99,Debit Card,2.11,30,High,Cloudy,PICKED_UP
EVT000497,2026-08-31T14:33:00,restaurant_platform,RESTAURANT_ACCEPTED,ORD100100,CUS8959,REST304,Ghaziabad,Biryani,669.99,Debit Card,2.11,30,High,Cloudy,CONFIRMED
EVT000426,2026-08-31T16:12:00,customer_app,ORDER_PLACED,ORD100086,CUS1746,REST623,Gurugram,North Indian,638.22,Debit Card,5.19,26,Low,Clear,PLACED
EVT000454,2026-08-31T15:40:00,delivery_partner_app,ORDER_PICKED_UP,ORD100091,CUS7588,REST341,Noida,South Indian,1835.28,Credit Card,9.03,27,Low,Heavy Rain,PICKED_UP
EVT000018,2026-08-31T16:04:00,delivery_partner_app,RIDER_ASSIGNED,ORD100004,CUS8841,REST927,Delhi,North Indian,548.55,Wallet,1.31,29,High,Rain,RIDER_ASSIGNED
EVT000500,2026-08-31T15:13:00,delivery_partner_app,ORDER_DELIVERED,ORD100100,CUS8959,REST304,Ghaziabad,Biryani,669.99,Debit Card,2.11,30,High,Cloudy,DELIVERED
EVT000064,2026-08-31T13:58:00,delivery_partner_app,ORDER_PICKED_UP,ORD100013,CUS6221,REST442,Ghaziabad,Pizza,1487.23,UPI,5.36,44,Medium,Rain,PICKED_UP
EVT000341,2026-08-31T12:39:00,customer_app,ORDER_PLACED,ORD100069,CUS3403,REST468,Noida,Fast Food,2019.28,Debit Card,6.75,51,Medium,Cloudy,PLACED
EVT000312,2026-08-31T12:14:00,restaurant_platform,RESTAURANT_ACCEPTED,ORD100063,CUS8549,REST573,Delhi,Biryani,1108.8,UPI,14.28,44,Low,Rain,CONFIRMED
EVT000346,2026-08-31T14:05:00,customer_app,ORDER_PLACED,ORD100070,CUS6611,REST125,Gurugram,Chinese,1303.87,Credit Card,10.19,44,Severe,Heavy Rain,PLACED
EVT000057,2026-08-31T13:47:00,restaurant_platform,RESTAURANT_ACCEPTED,ORD100012,CUS8988,REST992,Delhi,Pizza,419.53,Cash,10.37,23,High,Heavy Rain,CONFIRMED
EVT000427,2026-08-31T16:14:00,restaurant_platform,RESTAURANT_ACCEPTED,ORD100086,CUS1746,REST623,Gurugram,North Indian,638.22,Debit Card,5.19,26,Low,Clear,CONFIRMED
EVT000033,2026-08-31T15:27:00,delivery_partner_app,RIDER_ASSIGNED,ORD100007,CUS1774,REST816,Ghaziabad,Chinese,1146.29,UPI,8.75,37,Low,Heavy Rain,RIDER_ASSIGNED
EVT000244,2026-08-31T15:37:00,delivery_partner_app,ORDER_PICKED_UP,ORD100049,CUS6282,REST332,Ghaziabad,Biryani,2396.72,Cash,14.15,38,Low,Heavy Rain,PICKED_UP
EVT000051,2026-08-31T16:09:00,customer_app,ORDER_PLACED,ORD100011,CUS1969,REST930,Ghaziabad,Biryani,156.35,Cash,14.32,54,Severe,Heavy Rain,PLACED
EVT000139,2026-08-31T16:30:00,delivery_partner_app,ORDER_PICKED_UP,ORD100028,CUS7449,REST486,Faridabad,North Indian,233.1,Wallet,1.72,52,Medium,Clear,PICKED_UP
EVT000001,2026-08-31T12:20:00,customer_app,ORDER_PLACED,ORD100001,CUS5314,REST134,Ghaziabad,Biryani,1180.9,Wallet,7.36,32,Low,Heavy Rain,PLACED
EVT000050,2026-08-31T15:12:00,delivery_partner_app,ORDER_DELIVERED,ORD100010,CUS2773,REST221,Ghaziabad,Pizza,1344.63,Wallet,13.69,27,High,Cloudy,DELIVERED
EVT000397,2026-08-31T14:11:00,restaurant_platform,RESTAURANT_ACCEPTED,ORD100080,CUS5633,REST783,Gurugram,Biryani,1495.25,UPI,2.36,56,Severe,Cloudy,CONFIRMED
EVT000391,2026-08-31T13:43:00,customer_app,ORDER_PLACED,ORD100079,CUS8755,REST471,Noida,Pizza,1340.57,Credit Card,12.77,39,High,Heavy Rain,PLACED
EVT000377,2026-08-31T17:01:00,restaurant_platform,RESTAURANT_ACCEPTED,ORD100076,CUS4457,REST797,Noida,South Indian,2316.63,Debit Card,10.04,52,Severe,Clear,CONFIRMED
EVT000166,2026-08-31T15:32:00,customer_app,ORDER_PLACED,ORD100034,CUS4596,REST542,Gurugram,Chinese,402.28,Wallet,6.25,41,Low,Cloudy,PLACED
EVT000335,2026-08-31T17:14:00,delivery_partner_app,ORDER_DELIVERED,ORD100067,CUS9850,REST707,Delhi,Fast Food,1277.59,Debit Card,12.69,26,Low,Rain,DELIVERED
EVT000320,2026-08-31T13:31:00,delivery_partner_app,ORDER_DELIVERED,ORD100064,CUS9219,REST728,Ghaziabad,North Indian,1442.98,Credit Card,13.29,34,Severe,Heavy Rain,DELIVERED
EVT000061,2026-08-31T13:43:00,customer_app,ORDER_PLACED,ORD100013,CUS6221,REST442,Ghaziabad,Pizza,1487.23,UPI,5.36,44,Medium,Rain,PLACED
EVT000375,2026-08-31T16:15:00,delivery_partner_app,ORDER_DELIVERED,ORD100075,CUS6420,REST670,Gurugram,South Indian,1459.96,Cash,12.97,20,Medium,Clear,DELIVERED
EVT000220,2026-08-31T17:37:00,delivery_partner_app,ORDER_DELIVERED,ORD100044,CUS9776,REST575,Ghaziabad,Pizza,1837.16,Credit Card,3.1,44,Severe,Cloudy,DELIVERED
EVT000048,2026-08-31T14:46:00,delivery_partner_app,RIDER_ASSIGNED,ORD100010,CUS2773,REST221,Ghaziabad,Pizza,1344.63,Wallet,13.69,27,High,Cloudy,RIDER_ASSIGNED
EVT000222,2026-08-31T15:12:00,restaurant_platform,RESTAURANT_ACCEPTED,ORD100045,CUS3937,REST964,Ghaziabad,Biryani,2442.8,Cash,6.84,29,High,Rain,CONFIRMED
EVT000020,2026-08-31T16:39:00,delivery_partner_app,ORDER_DELIVERED,ORD100004,CUS8841,REST927,Delhi,North Indian,548.55,Wallet,1.31,29,High,Rain,DELIVERED
EVT000181,2026-08-31T13:06:00,customer_app,ORDER_PLACED,ORD100037,CUS3928,REST429,Ghaziabad,North Indian,1421.29,Wallet,13.42,21,Severe,Cloudy,PLACED
EVT000487,2026-08-31T13:45:00,restaurant_platform,RESTAURANT_ACCEPTED,ORD100098,CUS1820,REST700,Ghaziabad,Fast Food,2358.67,Debit Card,9.77,55,High,Rain,CONFIRMED
EVT000188,2026-08-31T15:34:00,delivery_partner_app,RIDER_ASSIGNED,ORD100038,CUS3937,REST667,Faridabad,Pizza,1235.5,Cash,14.08,23,Low,Heavy Rain,RIDER_ASSIGNED
EVT000270,2026-08-31T15:22:00,delivery_partner_app,ORDER_DELIVERED,ORD100054,CUS1506,REST198,Gurugram,Pizza,716.08,Cash,2.06,45,Severe,Rain,DELIVERED
EVT000221,2026-08-31T15:08:00,customer_app,ORDER_PLACED,ORD100045,CUS3937,REST964,Ghaziabad,Biryani,2442.8,Cash,6.84,29,High,Rain,PLACED
EVT000268,2026-08-31T14:57:00,delivery_partner_app,RIDER_ASSIGNED,ORD100054,CUS1506,REST198,Gurugram,Pizza,716.08,Cash,2.06,45,Severe,Rain,RIDER_ASSIGNED
EVT000475,2026-08-31T14:01:00,delivery_partner_app,ORDER_DELIVERED,ORD100095,CUS2935,REST833,Noida,Fast Food,429.97,Debit Card,9.43,48,Severe,Clear,DELIVERED
EVT000433,2026-08-31T14:54:00,delivery_partner_app,RIDER_ASSIGNED,ORD100087,CUS1627,REST849,Delhi,Chinese,662.21,Debit Card,4.72,25,Low,Heavy Rain,RIDER_ASSIGNED
EVT000309,2026-08-31T16:52:00,delivery_partner_app,ORDER_PICKED_UP,ORD100062,CUS2744,REST302,Noida,Fast Food,647.69,Debit Card,4.63,20,Severe,Clear,PICKED_UP
EVT000217,2026-08-31T16:41:00,restaurant_platform,RESTAURANT_ACCEPTED,ORD100044,CUS9776,REST575,Ghaziabad,Pizza,1837.16,Credit Card,3.1,44,Severe,Cloudy,CONFIRMED
EVT000226,2026-08-31T15:28:00,customer_app,ORDER_PLACED,ORD100046,CUS1746,REST949,Gurugram,Fast Food,2084.73,Wallet,11.79,46,Medium,Clear,PLACED
EVT000130,2026-08-31T14:36:00,delivery_partner_app,ORDER_DELIVERED,ORD100026,CUS6985,REST789,Gurugram,Fast Food,2446.94,Cash,11.7,54,High,Clear,DELIVERED
EVT000110,2026-08-31T12:53:00,delivery_partner_app,ORDER_DELIVERED,ORD100022,CUS6208,REST749,Noida,Chinese,1142.43,Wallet,11.12,37,High,Rain,DELIVERED
EVT000421,2026-08-31T15:36:00,customer_app,ORDER_PLACED,ORD100085,CUS8426,REST241,Delhi,Fast Food,1343.99,Cash,7.14,60,Medium,Rain,PLACED
EVT000118,2026-08-31T15:09:00,delivery_partner_app,RIDER_ASSIGNED,ORD100024,CUS8615,REST629,Faridabad,Fast Food,1782.32,Wallet,9.82,22,Low,Cloudy,RIDER_ASSIGNED
EVT000327,2026-08-31T14:55:00,restaurant_platform,RESTAURANT_ACCEPTED,ORD100066,CUS1215,REST662,Ghaziabad,North Indian,2049.46,UPI,6.22,30,Severe,Cloudy,CONFIRMED
EVT000330,2026-08-31T15:42:00,delivery_partner_app,ORDER_DELIVERED,ORD100066,CUS1215,REST662,Ghaziabad,North Indian,2049.46,UPI,6.22,30,Severe,Cloudy,DELIVERED
EVT000128,2026-08-31T13:59:00,delivery_partner_app,RIDER_ASSIGNED,ORD100026,CUS6985,REST789,Gurugram,Fast Food,2446.94,Cash,11.7,54,High,Clear,RIDER_ASSIGNED
EVT000347,2026-08-31T14:10:00,restaurant_platform,RESTAURANT_ACCEPTED,ORD100070,CUS6611,REST125,Gurugram,Chinese,1303.87,Credit Card,10.19,44,Severe,Heavy Rain,CONFIRMED
EVT000480,2026-08-31T16:02:00,delivery_partner_app,ORDER_DELIVERED,ORD100096,CUS9062,REST921,Faridabad,Chinese,2017.27,Wallet,1.42,54,High,Cloudy,DELIVERED
EVT000498,2026-08-31T14:36:00,delivery_partner_app,RIDER_ASSIGNED,ORD100100,CUS8959,REST304,Ghaziabad,Biryani,669.99,Debit Card,2.11,30,High,Cloudy,RIDER_ASSIGNED
EVT000294,2026-08-31T12:46:00,delivery_partner_app,ORDER_PICKED_UP,ORD100059,CUS8389,REST490,Gurugram,Pizza,1363.07,UPI,5.62,30,Low,Heavy Rain,PICKED_UP
EVT000293,2026-08-31T12:31:00,delivery_partner_app,RIDER_ASSIGNED,ORD100059,CUS8389,REST490,Gurugram,Pizza,1363.07,UPI,5.62,30,Low,Heavy Rain,RIDER_ASSIGNED
EVT000123,2026-08-31T16:11:00,delivery_partner_app,RIDER_ASSIGNED,ORD100025,CUS9638,REST609,Noida,Pizza,1506.15,Credit Card,3.08,26,High,Clear,RIDER_ASSIGNED
EVT000260,2026-08-31T15:33:00,delivery_partner_app,ORDER_DELIVERED,ORD100052,CUS4891,REST301,Noida,Biryani,1333.09,Wallet,2.57,29,Low,Heavy Rain,DELIVERED
EVT000408,2026-08-31T12:23:00,delivery_partner_app,RIDER_ASSIGNED,ORD100082,CUS5332,REST844,Ghaziabad,Fast Food,1105.57,Credit Card,3.29,26,High,Clear,RIDER_ASSIGNED
EVT000442,2026-08-31T14:02:00,restaurant_platform,RESTAURANT_ACCEPTED,ORD100089,CUS4068,REST760,Gurugram,North Indian,625.82,Debit Card,3.66,33,Severe,Cloudy,CONFIRMED
EVT000450,2026-08-31T16:13:00,delivery_partner_app,ORDER_DELIVERED,ORD100090,CUS4084,REST336,Ghaziabad,Fast Food,1424.17,UPI,4.35,23,Low,Clear,DELIVERED
EVT000186,2026-08-31T15:29:00,customer_app,ORDER_PLACED,ORD100038,CUS3937,REST667,Faridabad,Pizza,1235.5,Cash,14.08,23,Low,Heavy Rain,PLACED
EVT000463,2026-08-31T15:15:00,delivery_partner_app,RIDER_ASSIGNED,ORD100093,CUS9296,REST819,Faridabad,Fast Food,1173.39,Credit Card,1.2,38,Low,Heavy Rain,RIDER_ASSIGNED
EVT000027,2026-08-31T16:12:00,restaurant_platform,RESTAURANT_ACCEPTED,ORD100006,CUS4275,REST242,Gurugram,Chinese,474.35,Credit Card,13.51,59,Severe,Clear,CONFIRMED
EVT000273,2026-08-31T12:54:00,delivery_partner_app,RIDER_ASSIGNED,ORD100055,CUS6281,REST583,Faridabad,Fast Food,1878.85,Credit Card,4.83,32,Medium,Clear,RIDER_ASSIGNED
EVT000079,2026-08-31T16:14:00,delivery_partner_app,ORDER_PICKED_UP,ORD100016,CUS6318,REST460,Gurugram,Biryani,362.92,Debit Card,2.6,29,Low,Rain,PICKED_UP
EVT000490,2026-08-31T14:13:00,delivery_partner_app,ORDER_DELIVERED,ORD100098,CUS1820,REST700,Ghaziabad,Fast Food,2358.67,Debit Card,9.77,55,High,Rain,DELIVERED
EVT000339,2026-08-31T13:30:00,delivery_partner_app,ORDER_PICKED_UP,ORD100068,CUS2891,REST172,Noida,North Indian,1828.68,UPI,13.17,56,Medium,Heavy Rain,PICKED_UP
EVT000038,2026-08-31T12:39:00,delivery_partner_app,RIDER_ASSIGNED,ORD100008,CUS8948,REST928,Ghaziabad,Biryani,1664.37,Debit Card,4.95,21,Severe,Heavy Rain,RIDER_ASSIGNED
EVT000232,2026-08-31T12:30:00,restaurant_platform,RESTAURANT_ACCEPTED,ORD100047,CUS9242,REST269,Gurugram,Chinese,665.76,Wallet,11.87,59,Severe,Clear,CONFIRMED
EVT000044,2026-08-31T14:47:00,delivery_partner_app,ORDER_PICKED_UP,ORD100009,CUS8062,REST821,Gurugram,Chinese,708.13,UPI,12.37,56,High,Rain,PICKED_UP
EVT000174,2026-08-31T12:50:00,delivery_partner_app,ORDER_PICKED_UP,ORD100035,CUS6521,REST983,Ghaziabad,Fast Food,2193.42,Cash,12.45,51,High,Clear,PICKED_UP
EVT000366,2026-08-31T13:47:00,customer_app,ORDER_PLACED,ORD100074,CUS6473,REST867,Delhi,North Indian,1820.73,Cash,2.95,50,Severe,Rain,PLACED
EVT000150,2026-08-31T17:29:00,delivery_partner_app,ORDER_DELIVERED,ORD100030,CUS2898,REST171,Delhi,Biryani,1688.82,UPI,13.12,24,Low,Rain,DELIVERED
EVT000393,2026-08-31T13:48:00,delivery_partner_app,RIDER_ASSIGNED,ORD100079,CUS8755,REST471,Noida,Pizza,1340.57,Credit Card,12.77,39,High,Heavy Rain,RIDER_ASSIGNED
EVT000241,2026-08-31T15:17:00,customer_app,ORDER_PLACED,ORD100049,CUS6282,REST332,Ghaziabad,Biryani,2396.72,Cash,14.15,38,Low,Heavy Rain,PLACED
EVT000145,2026-08-31T15:11:00,delivery_partner_app,ORDER_DELIVERED,ORD100029,CUS8220,REST800,Ghaziabad,North Indian,754.49,Debit Card,10.31,40,Severe,Heavy Rain,DELIVERED
EVT000087,2026-08-31T14:52:00,restaurant_platform,RESTAURANT_ACCEPTED,ORD100018,CUS3318,REST864,Gurugram,Chinese,507.43,Debit Card,5.88,43,Low,Cloudy,CONFIRMED
EVT000254,2026-08-31T15:29:00,delivery_partner_app,ORDER_PICKED_UP,ORD100051,CUS8286,REST207,Faridabad,South Indian,2286.7,UPI,13.68,58,High,Heavy Rain,PICKED_UP
EVT000214,2026-08-31T14:18:00,delivery_partner_app,ORDER_PICKED_UP,ORD100043,CUS2347,REST376,Faridabad,Pizza,1918.46,Wallet,7.35,44,High,Heavy Rain,PICKED_UP
EVT000496,2026-08-31T14:28:00,customer_app,ORDER_PLACED,ORD100100,CUS8959,REST304,Ghaziabad,Biryani,669.99,Debit Card,2.11,30,High,Cloudy,PLACED
EVT000367,2026-08-31T13:49:00,restaurant_platform,RESTAURANT_ACCEPTED,ORD100074,CUS6473,REST867,Delhi,North Indian,1820.73,Cash,2.95,50,Severe,Rain,CONFIRMED
EVT000173,2026-08-31T12:36:00,delivery_partner_app,RIDER_ASSIGNED,ORD100035,CUS6521,REST983,Ghaziabad,Fast Food,2193.42,Cash,12.45,51,High,Clear,RIDER_ASSIGNED
EVT000383,2026-08-31T13:40:00,delivery_partner_app,RIDER_ASSIGNED,ORD100077,CUS5567,REST999,Gurugram,Pizza,1789.94,UPI,13.77,30,Low,Rain,RIDER_ASSIGNED
EVT000452,2026-08-31T15:25:00,restaurant_platform,RESTAURANT_ACCEPTED,ORD100091,CUS7588,REST341,Noida,South Indian,1835.28,Credit Card,9.03,27,Low,Heavy Rain,CONFIRMED
EVT000029,2026-08-31T16:22:00,delivery_partner_app,ORDER_PICKED_UP,ORD100006,CUS4275,REST242,Gurugram,Chinese,474.35,Credit Card,13.51,59,Severe,Clear,PICKED_UP
EVT000156,2026-08-31T12:08:00,customer_app,ORDER_PLACED,ORD100032,CUS2120,REST505,Faridabad,Chinese,1484.57,Credit Card,14.54,31,Severe,Cloudy,PLACED
EVT000045,2026-08-31T15:32:00,delivery_partner_app,ORDER_DELIVERED,ORD100009,CUS8062,REST821,Gurugram,Chinese,708.13,UPI,12.37,56,High,Rain,DELIVERED
EVT000275,2026-08-31T13:23:00,delivery_partner_app,ORDER_DELIVERED,ORD100055,CUS6281,REST583,Faridabad,Fast Food,1878.85,Credit Card,4.83,32,Medium,Clear,DELIVERED
EVT000068,2026-08-31T12:43:00,delivery_partner_app,RIDER_ASSIGNED,ORD100014,CUS7431,REST913,Noida,South Indian,1315.78,Wallet,1.28,42,Medium,Rain,RIDER_ASSIGNED
EVT000237,2026-08-31T12:59:00,restaurant_platform,RESTAURANT_ACCEPTED,ORD100048,CUS1400,REST429,Gurugram,Fast Food,1957.13,Wallet,5.93,50,Low,Rain,CONFIRMED
EVT000439,2026-08-31T16:55:00,delivery_partner_app,ORDER_PICKED_UP,ORD100088,CUS8224,REST280,Gurugram,South Indian,2374.2,Credit Card,8.27,35,High,Clear,PICKED_UP
EVT000253,2026-08-31T15:18:00,delivery_partner_app,RIDER_ASSIGNED,ORD100051,CUS8286,REST207,Faridabad,South Indian,2286.7,UPI,13.68,58,High,Heavy Rain,RIDER_ASSIGNED
EVT000216,2026-08-31T16:38:00,customer_app,ORDER_PLACED,ORD100044,CUS9776,REST575,Ghaziabad,Pizza,1837.16,Credit Card,3.1,44,Severe,Cloudy,PLACED
EVT000242,2026-08-31T15:22:00,restaurant_platform,RESTAURANT_ACCEPTED,ORD100049,CUS6282,REST332,Ghaziabad,Biryani,2396.72,Cash,14.15,38,Low,Heavy Rain,CONFIRMED
EVT000043,2026-08-31T14:38:00,delivery_partner_app,RIDER_ASSIGNED,ORD100009,CUS8062,REST821,Gurugram,Chinese,708.13,UPI,12.37,56,High,Rain,RIDER_ASSIGNED
EVT000412,2026-08-31T15:38:00,restaurant_platform,RESTAURANT_ACCEPTED,ORD100083,CUS5970,REST737,Gurugram,Fast Food,966.34,Credit Card,11.4,36,Severe,Cloudy,CONFIRMED
EVT000343,2026-08-31T12:48:00,delivery_partner_app,RIDER_ASSIGNED,ORD100069,CUS3403,REST468,Noida,Fast Food,2019.28,Debit Card,6.75,51,Medium,Cloudy,RIDER_ASSIGNED
EVT000355,2026-08-31T17:18:00,delivery_partner_app,ORDER_DELIVERED,ORD100071,CUS3355,REST547,Gurugram,North Indian,2243.22,Credit Card,7.31,33,Severe,Cloudy,DELIVERED
EVT000114,2026-08-31T12:39:00,delivery_partner_app,ORDER_PICKED_UP,ORD100023,CUS5935,REST356,Faridabad,Pizza,1553.92,UPI,5.51,23,Severe,Heavy Rain,PICKED_UP
EVT000318,2026-08-31T12:51:00,delivery_partner_app,RIDER_ASSIGNED,ORD100064,CUS9219,REST728,Ghaziabad,North Indian,1442.98,Credit Card,13.29,34,Severe,Heavy Rain,RIDER_ASSIGNED
EVT000005,2026-08-31T13:07:00,delivery_partner_app,ORDER_DELIVERED,ORD100001,CUS5314,REST134,Ghaziabad,Biryani,1180.9,Wallet,7.36,32,Low,Heavy Rain,DELIVERED
EVT000056,2026-08-31T13:45:00,customer_app,ORDER_PLACED,ORD100012,CUS8988,REST992,Delhi,Pizza,419.53,Cash,10.37,23,High,Heavy Rain,PLACED
EVT000195,2026-08-31T17:02:00,delivery_partner_app,ORDER_DELIVERED,ORD100039,CUS7572,REST653,Ghaziabad,Pizza,907.7,UPI,13.11,36,Severe,Cloudy,DELIVERED
EVT000472,2026-08-31T13:38:00,restaurant_platform,RESTAURANT_ACCEPTED,ORD100095,CUS2935,REST833,Noida,Fast Food,429.97,Debit Card,9.43,48,Severe,Clear,CONFIRMED
EVT000278,2026-08-31T15:45:00,delivery_partner_app,RIDER_ASSIGNED,ORD100056,CUS9188,REST826,Noida,Fast Food,1589.06,Wallet,4.52,49,Severe,Heavy Rain,RIDER_ASSIGNED
EVT000238,2026-08-31T13:02:00,delivery_partner_app,RIDER_ASSIGNED,ORD100048,CUS1400,REST429,Gurugram,Fast Food,1957.13,Wallet,5.93,50,Low,Rain,RIDER_ASSIGNED
EVT000401,2026-08-31T15:13:00,customer_app,ORDER_PLACED,ORD100081,CUS9536,REST809,Ghaziabad,North Indian,2071.32,UPI,14.37,53,Medium,Heavy Rain,PLACED
EVT000089,2026-08-31T15:06:00,delivery_partner_app,ORDER_PICKED_UP,ORD100018,CUS3318,REST864,Gurugram,Chinese,507.43,Debit Card,5.88,43,Low,Cloudy,PICKED_UP
EVT000458,2026-08-31T15:52:00,delivery_partner_app,RIDER_ASSIGNED,ORD100092,CUS6322,REST552,Noida,Biryani,1964.92,Credit Card,12.05,35,Medium,Heavy Rain,RIDER_ASSIGNED
EVT000178,2026-08-31T15:56:00,delivery_partner_app,RIDER_ASSIGNED,ORD100036,CUS2429,REST652,Ghaziabad,Chinese,1050.31,Debit Card,3.34,45,Low,Cloudy,RIDER_ASSIGNED
EVT000296,2026-08-31T16:52:00,customer_app,ORDER_PLACED,ORD100060,CUS4958,REST478,Ghaziabad,South Indian,536.31,Wallet,10.97,40,Severe,Heavy Rain,PLACED
EVT000302,2026-08-31T15:15:00,restaurant_platform,RESTAURANT_ACCEPTED,ORD100061,CUS4514,REST632,Delhi,Chinese,1905.92,Credit Card,2.45,23,Medium,Cloudy,CONFIRMED
EVT000485,2026-08-31T15:03:00,delivery_partner_app,ORDER_DELIVERED,ORD100097,CUS5557,REST642,Faridabad,Pizza,362.11,Wallet,3.14,30,High,Rain,DELIVERED
EVT000019,2026-08-31T16:14:00,delivery_partner_app,ORDER_PICKED_UP,ORD100004,CUS8841,REST927,Delhi,North Indian,548.55,Wallet,1.31,29,High,Rain,PICKED_UP
EVT000354,2026-08-31T16:38:00,delivery_partner_app,ORDER_PICKED_UP,ORD100071,CUS3355,REST547,Gurugram,North Indian,2243.22,Credit Card,7.31,33,Severe,Cloudy,PICKED_UP
EVT000009,2026-08-31T13:59:00,delivery_partner_app,ORDER_PICKED_UP,ORD100002,CUS9117,REST255,Gurugram,Pizza,1248.23,Cash,12.0,30,Medium,Heavy Rain,PICKED_UP
EVT000084,2026-08-31T13:41:00,delivery_partner_app,ORDER_PICKED_UP,ORD100017,CUS8096,REST294,Gurugram,North Indian,2251.44,Wallet,11.21,58,Low,Clear,PICKED_UP
EVT000399,2026-08-31T14:25:00,delivery_partner_app,ORDER_PICKED_UP,ORD100080,CUS5633,REST783,Gurugram,Biryani,1495.25,UPI,2.36,56,Severe,Cloudy,PICKED_UP
EVT000235,2026-08-31T13:13:00,delivery_partner_app,ORDER_DELIVERED,ORD100047,CUS9242,REST269,Gurugram,Chinese,665.76,Wallet,11.87,59,Severe,Clear,DELIVERED
EVT000093,2026-08-31T14:00:00,delivery_partner_app,RIDER_ASSIGNED,ORD100019,CUS9335,REST743,Faridabad,Fast Food,2002.95,Debit Card,8.62,29,Severe,Clear,RIDER_ASSIGNED
EVT000141,2026-08-31T14:11:00,customer_app,ORDER_PLACED,ORD100029,CUS8220,REST800,Ghaziabad,North Indian,754.49,Debit Card,10.31,40,Severe,Heavy Rain,PLACED
EVT000177,2026-08-31T15:52:00,restaurant_platform,RESTAURANT_ACCEPTED,ORD100036,CUS2429,REST652,Ghaziabad,Chinese,1050.31,Debit Card,3.34,45,Low,Cloudy,CONFIRMED
EVT000299,2026-08-31T17:11:00,delivery_partner_app,ORDER_PICKED_UP,ORD100060,CUS4958,REST478,Ghaziabad,South Indian,536.31,Wallet,10.97,40,Severe,Heavy Rain,PICKED_UP
EVT000055,2026-08-31T16:40:00,delivery_partner_app,ORDER_DELIVERED,ORD100011,CUS1969,REST930,Ghaziabad,Biryani,156.35,Cash,14.32,54,Severe,Heavy Rain,DELIVERED
EVT000400,2026-08-31T14:41:00,delivery_partner_app,ORDER_DELIVERED,ORD100080,CUS5633,REST783,Gurugram,Biryani,1495.25,UPI,2.36,56,Severe,Cloudy,DELIVERED
EVT000028,2026-08-31T16:14:00,delivery_partner_app,RIDER_ASSIGNED,ORD100006,CUS4275,REST242,Gurugram,Chinese,474.35,Credit Card,13.51,59,Severe,Clear,RIDER_ASSIGNED
EVT000369,2026-08-31T14:02:00,delivery_partner_app,ORDER_PICKED_UP,ORD100074,CUS6473,REST867,Delhi,North Indian,1820.73,Cash,2.95,50,Severe,Rain,PICKED_UP
EVT000349,2026-08-31T14:29:00,delivery_partner_app,ORDER_PICKED_UP,ORD100070,CUS6611,REST125,Gurugram,Chinese,1303.87,Credit Card,10.19,44,Severe,Heavy Rain,PICKED_UP
EVT000017,2026-08-31T16:01:00,restaurant_platform,RESTAURANT_ACCEPTED,ORD100004,CUS8841,REST927,Delhi,North Indian,548.55,Wallet,1.31,29,High,Rain,CONFIRMED
